symbol,days_to_expiry,strike,spot,predicted_spot,T_years,sigma_annual,dividend_yield,market_call,market_put,mc_call_price,mc_put_price,mc_call_std,mc_put_std,mc_call_return_pct,mc_put_return_pct
ولبهمن,30,2415.684419242252,2684.0937991580568,2660.314943958876,0.119047619047619,0.141711434448801,0.0,274.75568781256607,0.6015200741600424,245.7503355578258,1.1508985687103337,127.20195367086099,9.450541183998391,-0.10556779546826801,0.913316975027706
ولبهمن,30,2684.0937991580568,2684.0937991580568,2660.314943958876,0.119047619047619,0.141711434448801,0.0,55.542843846592405,49.15974626592515,41.04965004828262,65.53358046921338,70.88445757814256,83.06006108291403,-0.2609371936075065,0.33307401780951973
ولبهمن,30,2952.5031790738626,2684.0937991580568,2660.314943958876,0.119047619047619,0.141711434448801,0.0,1.517106044198215,262.9050786212706,0.7770997297761335,290.89556724716664,8.669010048025594,127.83525518389163,-0.4877749431241453,0.10646613893000481
ولبهمن,60,2415.684419242252,2684.0937991580568,2636.746749786058,0.238095238095238,0.141711434448801,0.0,284.03824572475423,4.152951959495852,226.28239941339726,9.210343163440095,167.7803587240585,33.312397040724036,-0.2033382728582438,1.2177822554340805
ولبهمن,60,2684.0937991580568,2684.0937991580568,2636.746749786058,0.238095238095238,0.141711434448801,0.0,80.40358207444092,67.65256668615939,51.902552311313976,100.40781813129534,95.05021563646386,119.96427105853368,-0.35447462697295656,0.4841686435503288
ولبهمن,60,2952.5031790738626,2684.0937991580568,2636.746749786058,0.238095238095238,0.141711434448801,0.0,8.660982163006793,263.04424515170285,4.170996865675178,316.1824145182216,24.64540151782662,171.94960477990284,-0.5184152573953399,0.20201228632039797
ولبهمن,90,2415.684419242252,2684.0937991580568,2613.38735035682,0.3571428571428571,0.141711434448801,0.0,294.8033294455381,9.200538959782447,216.93262861947923,20.200495728643617,193.37351034127167,56.66405342525386,-0.2641445772424517,1.1955774348594541
ولبهمن,90,2684.0937991580568,2684.0937991580568,2613.38735035682,0.3571428571428571,0.141711434448801,0.0,100.20771881346104,81.10392929129466,60.12432825552788,127.21267143122556,115.24326279011336,143.94487176895876,-0.4000030240439792,0.5685142821419381
ولبهمن,90,2952.5031790738626,2684.0937991580568,2613.38735035682,0.3571428571428571,0.141711434448801,0.0,18.28141591323941,265.67662735466183,7.634616614603055,342.4740000925609,38.929058532144765,203.98258298392977,-0.5823837359843632,0.2890633380232554
پاداش,30,17726.176128533138,19695.751253925708,19437.297617336364,0.119047619047619,0.1481296664006507,0.0,2017.76253307168,6.0324308314260975,1729.9720709428755,11.416031718734235,957.2698275042343,85.88966021747741,-0.14262850925807186,0.8924430362735591
پاداش,30,19695.751253925708,19695.751253925708,19437.297617336364,0.119047619047619,0.1481296664006507,0.0,424.9252543188013,378.0863911547112,283.48966833286886,541.8303098295489,507.2113576986468,640.4877433392323,-0.33284815281847197,0.43308598909034657
پاداش,30,21665.32637931828,19695.751253925708,19437.297617336364,0.119047619047619,0.1481296664006507,0.0,14.373071180062992,1932.425447092137,5.936329076168964,2222.1967944559274,59.64354388578433,983.6208649445696,-0.5869825591343834,0.14995214837386395
پاداش,60,17726.176128533138,19695.751253925708,19182.23548795104,0.238095238095238,0.1481296664006507,0.0,2091.1808403597715,37.39601087220626,1542.626527043647,89.23710686719534,1221.7532855219483,292.533083060413,-0.2623179701769599,1.3862734229098965
پاداش,60,19695.751253925708,19695.751253925708,19182.23548795104,0.238095238095238,0.1481296664006507,0.0,614.4759987394282,520.9096608560976,331.461701612202,854.2279667405644,656.7607267220751,938.7435567916344,-0.46057827760208403,0.6398773740089007
پاداش,60,21665.32637931828,19695.751253925708,19182.23548795104,0.238095238095238,0.1481296664006507,0.0,74.88675895671076,1941.5389126776245,28.073038393807632,2465.420147917608,177.7429512216336,1305.2291173218025,-0.6251268076638807,0.26982783183958237
پاداش,90,17726.176128533138,19695.751253925708,18930.520361380997,0.3571428571428571,0.1481296664006507,0.0,2175.492604142268,79.75305860216895,1407.2435143229916,213.10434644109108,1402.7126911136781,518.9637722895501,-0.3531379919915537,1.6720523347463885
پاداش,90,19695.751253925708,19695.751253925708,18930.520361380997,0.3571428571428571,0.1481296664006507,0.0,765.2202309079566,625.0375418551484,379.8833731325811,1112.0403936512846,792.88401740507,1174.673659853917,-0.5035633432197184,0.7791577612293221
پاداش,90,21665.32637931828,19695.751253925708,18930.520361380997,0.3571428571428571,0.1481296664006507,0.0,152.88689740577593,1968.2610648402588,49.07798879134692,2763.053845026722,281.5419734548019,1547.5563733417587,-0.6789915314908288,0.4038045533614044
وسپهح,30,2535.9176663270164,2817.686295918907,2817.411480495984,0.119047619047619,0.1646765051295811,0.0,289.49227154598884,1.692925022454034,278.14758998805655,1.608893220575925,155.34367298332606,11.966965757889266,-0.03918820180361903,-0.0496370487549992
وسپهح,30,2817.686295918907,2817.686295918907,2817.411480495984,0.119047619047619,0.1646765051295811,0.0,67.19152703862414,60.49073044790839,64.2457611729199,63.523191627110904,96.29688580635322,89.32279228769949,-0.04384132933920243,0.05013100613512873
وسپهح,30,3099.454925510798,2817.686295918907,2817.411480495984,0.119047619047619,0.1646765051295811,0.0,3.581806834951124,277.9795601770552,3.7076011490635947,285.0120743711058,23.37118736915022,151.30541249632566,0.035120351238647186,0.025298673721087163
وسپهح,60,2535.9176663270164,2817.686295918907,2817.13669187644,0.238095238095238,0.1646765051295811,0.0,302.1935476309095,8.377825945257882,291.25712947188623,9.771828120080707,206.64434941127195,39.72133393768856,-0.03619011141952211,0.16639187587943086
وسپهح,60,2817.686295918907,2817.686295918907,2817.13669187644,0.238095238095238,0.1646765051295811,0.0,96.93746091414503,83.55180303218799,85.13787295947846,90.51615961203755,131.30224971577684,127.06778147749117,-0.12172371592358049,0.08335375571927005
وسپهح,60,3099.454925510798,2817.686295918907,2817.13669187644,0.238095238095238,0.1646765051295811,0.0,15.402558552960896,282.4469644746996,13.322764969701849,293.6152034364233,53.904004661603835,199.59595231409446,-0.13502909767281746,0.039541012531306985
وسپهح,90,2535.9176663270164,2817.686295918907,2816.861930057663,0.3571428571428571,0.1646765051295811,0.0,316.30869898898527,16.49090980429162,298.83763552163,19.986903541086562,250.34477673559525,61.295645003210744,-0.05523421746919355,0.21199520088850046
وسپهح,90,2817.686295918907,2817.686295918907,2816.861930057663,0.3571428571428571,0.1646765051295811,0.0,120.5045473192274,100.44992554944702,105.69353575994637,112.34105915345636,167.52538256079913,150.67949584972763,-0.12290832079593912,0.118378719934002
وسپهح,90,3099.454925510798,2817.686295918907,2816.861930057663,0.3571428571428571,0.1646765051295811,0.0,29.302534446998152,289.01108009213067,25.715162786226095,306.17541523830903,84.8535575541026,232.26323562543405,-0.12242530308294063,0.059389886161827186
شكربن,30,6125.997637857292,6806.664042063658,6788.661891450831,0.119047619047619,0.1801404804272117,0.0,701.9865505396992,6.751787837947063,658.8772644478569,9.794977981894135,407.39257460561885,51.0450737835636,-0.061410415995433544,0.4507236034348466
شكربن,30,6806.664042063658,6806.664042063658,6788.661891450831,0.119047619047619,0.1801404804272117,0.0,176.76741212072056,160.58034712584686,159.7419491449085,175.35625813953422,247.2618564252841,239.7151271887067,-0.0963156204616765,0.09201568733755121
شكربن,30,7487.330446270024,6806.664042063658,6788.661891450831,0.119047619047619,0.1801404804272117,0.0,13.128457189613869,675.9890899016191,10.200451612702308,706.2232826489167,61.28964694193001,393.4621128291068,-0.2230273926800746,0.044725859039674375
شكربن,60,6125.997637857292,6806.664042063658,6770.70735262326,0.238095238095238,0.1801404804272117,0.0,738.2261448659865,28.45766897591261,683.6173755064125,36.74223490279829,539.9168102448895,124.84885891185601,-0.07397295495337325,0.2911189224211572
شكربن,60,6806.664042063658,6806.664042063658,6770.70735262326,0.238095238095238,0.1801404804272117,0.0,254.5614871617313,222.22585195761167,228.1186742481602,244.26094535412108,360.8460326992524,334.7465577709923,-0.10387593664854378,0.09915630068419079
شكربن,60,7487.330446270024,6806.664042063658,6770.70735262326,0.238095238095238,0.1801404804272117,0.0,49.20130985935225,694.2985153411864,38.596891667788526,758.7997161175628,149.69097514135953,521.1576167186507,-0.21553121699153344,0.09290125119262235
شكربن,90,6125.997637857292,6806.664042063658,6752.800299658097,0.3571428571428571,0.1801404804272117,0.0,777.1473361045855,52.87970994255363,685.109732698507,66.54405892461432,626.0436769584643,182.11928908375003,-0.1184300571207163,0.25840438604722077
شكربن,90,6806.664042063658,6806.664042063658,6752.800299658097,0.3571428571428571,0.1801404804272117,0.0,316.0142036069424,267.5684014339804,259.87258498329146,323.6620973287407,422.57311688917736,420.9258895350436,-0.17765536479961422,0.20964245252480157
شكربن,90,7487.330446270024,6806.664042063658,6752.800299658097,0.3571428571428571,0.1801404804272117,0.0,88.93721713225568,716.3132389483644,69.31904935886413,804.6287186520904,223.73897243024805,611.8649928639195,-0.22058445728314166,0.12329170382692338
وارس,30,5048.393873696178,5609.326526329087,5360.501276287908,0.119047619047619,0.1443198752976853,0.0,574.3713611195526,1.4330212295312492,324.290774154549,14.998828336345056,241.60432992145115,54.06316558152463,-0.43539877489287027,9.466577903560628
وارس,30,5609.326526329087,5609.326526329087,5360.501276287908,0.119047619047619,0.1443198752976853,0.0,118.0843197448603,104.74466723695832,26.970053731386265,276.7304678570597,82.87020078078166,220.49492609472549,-0.7716034288916658,1.6419528092158333
وارس,30,6170.259178961996,5609.326526329087,5360.501276287908,0.119047619047619,0.1443198752976853,0.0,3.528587496822581,549.7876223710409,0.2602755994810147,807.787012848747,6.933019168611449,266.9121738598864,-0.9262380202516198,0.46927100571134245
وارس,60,5048.393873696178,5609.326526329087,5122.713715845906,0.238095238095238,0.1443198752976853,0.0,594.3701083372871,9.454632157078777,174.5741858457762,107.2229141014546,236.0145924189279,172.079408543713,-0.7062870703001257,10.340781145163405
وارس,60,5609.326526329087,5609.326526329087,5122.713715845906,0.238095238095238,0.1443198752976853,0.0,170.86375690121486,144.216175181994,15.247280598759174,504.2334236792462,69.81028516932847,322.99185132428704,-0.9107635178151069,2.496372186011225
وارس,60,6170.259178961996,5609.326526329087,5122.713715845906,0.238095238095238,0.1443198752976853,0.0,19.38348911119374,551.0038018529604,0.35117091006742235,1048.3979622125453,8.589361886908327,354.9688911958442,-0.981882987729767,0.9027054961996768
وارس,90,5048.393873696178,5609.326526329087,4895.474221897438,0.3571428571428571,0.1443198752976853,0.0,617.4770500945779,20.61292069348161,107.39693218067265,260.5646318247272,210.99067753881897,286.9838277679704,-0.8260713784192905,11.64083997117037
وارس,90,5609.326526329087,5609.326526329087,4895.474221897438,0.3571428571428571,0.1443198752976853,0.0,212.87875230028249,172.9548892245166,11.722624427084282,715.3941389656945,67.40322668552135,394.90165526266406,-0.9449328582565696,3.136304802791816
وارس,90,6170.259178961996,5609.326526329087,4895.474221897438,0.3571428571428571,0.1443198752976853,0.0,40.34457504105615,557.3609782906242,0.417878515908733,1266.402224108086,11.435022317312123,421.21542187054297,-0.9896422625474804,1.2721400913139407
رابين,30,18134.00189611104,20148.89099567893,19946.35944013657,0.119047619047619,0.2244998024610394,0.0,2113.30413204047,55.2901969444074,1900.9003609252309,74.37861071214208,1418.4698080275375,289.68599397705765,-0.10050790508328575,0.3452404734048514
رابين,30,20148.89099567893,20148.89099567893,19946.35944013657,0.119047619047619,0.2244998024610394,0.0,645.9967319625357,598.0802480423463,519.4462772103092,720.5554971301552,860.506489790859,921.5131621761885,-0.1958995278006542,0.20478062850043705
رابين,30,22163.780095246828,20148.89099567893,19946.35944013657,0.119047619047619,0.2244998024610394,0.0,91.73354334603572,2053.914510601724,73.09310828095568,2249.233724671151,321.4203723053457,1429.5232124585796,-0.20320195192684215,0.09509607778768028
رابين,60,18134.00189611104,20148.89099567893,19745.86368055932,0.238095238095238,0.2244998024610394,0.0,2273.173575125505,172.13736054212222,1851.2551833579769,254.6915754806445,1825.8075207839818,620.9193646504974,-0.18560764403758015,0.4795833669026264
رابين,60,20148.89099567893,20148.89099567893,19745.86368055932,0.238095238095238,0.2244998024610394,0.0,926.7045039461792,830.9854872622964,671.9323941679665,1075.1922821304445,1172.4076869394169,1311.8621817782428,-0.27492270588231565,0.2938761249281186
رابين,60,22163.780095246828,20148.89099567893,19745.86368055932,0.238095238095238,0.2244998024610394,0.0,264.5998324262864,2174.1980136419133,161.83121938011143,2620.3680478650213,590.3382334966294,1833.8554711252898,-0.3883925855274485,0.20521131535565432
رابين,90,18134.00189611104,20148.89099567893,19547.3832536411,0.3571428571428571,0.2244998024610394,0.0,2430.4217217354835,286.46553981504985,1862.2411204160262,434.0213856126147,2064.751709617065,890.3153076662816,-0.23377860567907466,0.5150910852761943
رابين,90,20148.89099567893,20148.89099567893,19547.3832536411,0.3571428571428571,0.2244998024610394,0.0,1147.025223638655,1003.6173543580516,778.6794311345817,1386.4848344798402,1460.3023773886537,1609.8721699044552,-0.32113137960086613,0.3814875046343573
رابين,90,22163.780095246828,20148.89099567893,19547.3832536411,0.3571428571428571,0.2244998024610394,0.0,433.2100289660903,2290.3504723253227,274.8301833122576,2816.667484144705,859.753820654359,2159.0988060464747,-0.3655959813114806,0.22979758695403021
كگهر,30,6067.971580533103,6742.1906450367815,6752.8897539564505,0.119047619047619,0.1598075559154558,0.0,692.0287236706936,3.3792936084764165,688.0451218862313,3.7305334087486264,364.30607872359695,29.699867642385794,-0.005756411039316778,0.10393882301057865
كگهر,30,6742.1906450367815,6742.1906450367815,6752.8897539564505,0.119047619047619,0.1598075559154558,0.0,156.2692166882548,140.2354771787668,150.6089384420525,142.17135987944297,229.80995742481224,204.71153780275193,-0.036221326030539465,0.013804514660782813
كگهر,30,7416.40970954046,6742.1906450367815,6752.8897539564505,0.119047619047619,0.1598075559154558,0.0,7.377759754275303,663.9597107975178,7.710332093372465,673.652825419263,49.976157915038094,359.1038626545622,0.04507768620473729,0.014598950002707611
كگهر,60,6067.971580533103,6742.1906450367815,6763.605841175562,0.238095238095238,0.1598075559154558,0.0,720.7955569261367,17.750078448661043,715.0979789343771,19.716255848254306,502.5318084253733,80.43669954085433,-0.007904568690818667,0.11077006815942156
كگهر,60,6742.1906450367815,6742.1906450367815,6763.605841175562,0.238095238095238,0.1598075559154558,0.0,225.59441790344363,193.56506904366915,216.2524768944791,202.19150073747562,327.2422788474066,285.52307667955694,-0.041410337612887975,0.04456605593367833
كگهر,60,7416.40970954046,6742.1906450367815,6763.605841175562,0.238095238095238,0.1598075559154558,0.0,33.382210349888055,672.3689911078154,33.71626929059166,683.3581079323945,129.29934977696317,470.45900781368215,0.010007094713089498,0.016343878093594305
كگهر,90,6067.971580533103,6742.1906450367815,6774.338933636796,0.3571428571428571,0.1598075559154558,0.0,753.0978735454328,35.6905821856908,738.3617898602423,36.72683220622831,583.6968285058874,125.98796314113191,-0.019567288931272582,0.02903427058561588
كگهر,90,6742.1906450367815,6742.1906450367815,6774.338933636796,0.3571428571428571,0.1598075559154558,0.0,280.57628100563034,232.58936227666985,274.8229489285241,235.11778828225042,404.75818346236804,340.0900147136721,-0.020505411421397984,0.010870772338130217
كگهر,90,7416.40970954046,6742.1906450367815,6774.338933636796,0.3571428571428571,0.1598075559154558,0.0,64.71265559162657,686.1461094934493,61.39206176073082,700.8096529241456,197.7061804401289,533.7820168219929,-0.051312896998858715,0.02137087600995312
اهرم,30,21770.58745993682,24189.541622152025,23683.94780721345,0.119047619047619,0.1369280564743769,0.0,2474.923752514267,4.196517320459179,1923.9869333588408,16.84050370254397,1087.3680583052967,113.85135415215038,-0.2226075928988646,3.012971332309739
اهرم,30,24189.541622152025,24189.541622152025,23683.94780721345,0.119047619047619,0.1369280564743769,0.0,484.6783040242226,427.1526673813332,238.80725222985828,759.760889279807,501.03511512574227,809.0152761008111,-0.5072871010584301,0.7786635722949695
اهرم,30,26608.495784367227,24189.541622152025,23683.94780721345,0.119047619047619,0.1369280564743769,0.0,11.097894905257704,2366.773856813281,3.1041679054174915,2930.2299140082227,49.74337925729121,1099.2324805070546,-0.7202921876700354,0.23806924162733556
اهرم,60,21770.58745993682,24189.541622152025,23188.92158010673,0.238095238095238,0.1369280564743769,0.0,2554.0677605289893,31.69057494528556,1510.8484004342279,136.34422560957262,1326.0698248316357,387.22134617452656,-0.408454065399852,3.3023588510140245
اهرم,60,24189.541622152025,24189.541622152025,23188.92158010673,0.238095238095238,0.1369280564743769,0.0,702.2091806511417,587.2947102416911,258.5130020123347,1242.538616719679,611.4097466654656,1174.179853248443,-0.6318575587795338,1.1156986348614202
اهرم,60,26608.495784367227,24189.541622152025,23188.92158010673,0.238095238095238,0.1369280564743769,0.0,68.35446920095274,2360.902713965763,13.422492273849084,3453.9961637394886,126.75287414354435,1509.8463503100945,-0.8036340208510901,0.46299809107237
اهرم,90,21770.58745993682,24189.541622152025,22704.24206409387,0.3571428571428571,0.1369280564743769,0.0,2646.3652679124207,72.46096172720877,1278.7711239273826,354.7746766575567,1426.4132864368953,707.1460014727833,-0.5167820786371874,3.8960801540719876
اهرم,90,24189.541622152025,24189.541622152025,22704.24206409387,0.3571428571428571,0.1369280564743769,0.0,875.7269656954013,703.5601390620541,239.09051361444625,1716.4949225008638,650.8809565301015,1467.0527574517398,-0.7269805282008323,1.4397273625950386
اهرم,90,26608.495784367227,24189.541622152025,22704.24206409387,0.3571428571428571,0.1369280564743769,0.0,148.31493086361843,2377.8855837821397,17.77883923337479,3945.0144423923853,168.31086462304586,1784.2649904784703,-0.880127785315673,0.6590430041287575
خودران,30,8909.773538343961,9899.748375937734,9763.719056190368,0.119047619047619,0.1818446636324888,0.0,1021.4798066752264,10.31645699043372,868.5908500125189,18.201142195759346,580.6811458576574,84.13663421302213,-0.1496739883290886,0.7642822737144123
خودران,30,9899.748375937734,9899.748375937734,9763.719056190368,0.119047619047619,0.1818446636324888,0.0,259.4107433402705,235.86795212802463,181.4014331356511,322.8835005860121,322.40542272731585,391.15317029783995,-0.3007173457819909,0.36891636898071284
خودران,30,10889.723213531508,9899.748375937734,9763.719056190368,0.119047619047619,0.1818446636324888,0.0,19.89784984567052,983.9756171059744,9.089568215534792,1141.5016640585334,64.49162334896198,590.384052669601,-0.5431884205562769,0.16009141305337185
خودران,60,8909.773538343961,9899.748375937734,9629.5588724178,0.238095238095238,0.1818446636324888,0.0,1075.1180004754997,42.81652752749199,811.7399675214922,85.29446347393478,740.3775196043719,227.77204905825334,-0.24497593086295785,0.9920920354685047
خودران,60,9899.748375937734,9899.748375937734,9629.5588724178,0.238095238095238,0.1818446636324888,0.0,373.5077345296904,326.47813969165054,222.40138509587476,493.32787428871217,434.7131057423654,562.1223124062909,-0.4045601615829567,0.5110594380213221
خودران,60,10889.723213531508,9899.748375937734,9629.5588724178,0.238095238095238,0.1818446636324888,0.0,73.58889638278924,1011.8311796547204,37.95204344876891,1287.6820080550049,177.80778918040062,788.1821495414052,-0.4842694303858996,0.2726253489187954
خودران,90,8909.773538343961,9899.748375937734,9497.242141412187,0.3571428571428571,0.1818446636324888,0.0,1132.5090929477055,79.11976573360653,758.4669900303111,171.82976316132974,814.393459925643,359.57676871562705,-0.3302773507485349,1.1717678454695444
خودران,90,9899.748375937734,9899.748375937734,9497.242141412187,0.3571428571428571,0.1818446636324888,0.0,463.610739472575,393.150195449989,251.87736651943226,660.8896149585341,505.4901615180364,700.420323444139,-0.45670506510272046,0.6810105211879596
خودران,90,10889.723213531508,9899.748375937734,9497.242141412187,0.3571428571428571,0.1818446636324888,0.0,132.36298765933134,1044.8312268282616,47.94547025076625,1442.2643651505148,213.69232246771423,916.1990455507702,-0.6377728313736337,0.3803802261239069
ولغدر,30,2612.196020126083,2902.4400223623147,2936.1786715138223,0.119047619047619,0.146020473263386,0.0,297.26127336598665,0.8051551070122329,326.5582199586983,0.5585368730377438,147.73842805092607,6.392163182571625,0.09855621709808597,-0.3062990370757745
ولغدر,30,2902.4400223623147,2902.4400223623147,2936.1786715138223,0.119047619047619,0.146020473263386,0.0,61.77812818905977,54.87577705267836,78.76856556702472,41.51492376035868,100.99081390823437,70.92820955691245,0.27502350550293575,-0.24347451662495537
ولغدر,30,3192.6840245985463,2902.4400223623147,2936.1786715138223,0.119047619047619,0.146020473263386,0.0,1.9530720773359889,284.6044880635486,3.2353694274957094,254.77717671799252,19.622303983441515,143.3808831505834,0.6565540335351001,-0.10480267387384289
ولغدر,60,2612.196020126083,2902.4400223623147,2970.3095067011463,0.238095238095238,0.146020473263386,0.0,307.8170093618746,5.163548238519184,355.5562416809048,2.77280664050609,203.65457897673198,19.242062772182166,0.15508965023731736,-0.46300363385366905
ولغدر,60,2902.4400223623147,2902.4400223623147,2970.3095067011463,0.238095238095238,0.146020473263386,0.0,89.36601265970467,75.57772500734518,121.95185071998151,52.39436359999027,148.83279438423537,93.4166289730824,0.3646334561704113,-0.3067486009284056
ولغدر,60,3192.6840245985463,2902.4400223623147,2970.3095067011463,0.238095238095238,0.146020473263386,0.0,10.473447274619788,285.55033309325563,17.75169804222369,235.9306575016709,56.128374219887725,180.2761836760031,0.6949240853335102,-0.17376857891942932
ولغدر,90,2612.196020126083,2902.4400223623147,3004.8370867875083,0.3571428571428571,0.146020473263386,0.0,319.981220637369,11.145154675651042,390.6871909265311,5.755662921552528,248.5903902615075,30.807108218572377,0.22096912483902412,-0.4835726296264873
ولغدر,90,2902.4400223623147,2902.4400223623147,3004.8370867875083,0.3571428571428571,0.146020473263386,0.0,111.31760788700352,90.6597593031297,156.9445156260774,62.11469420170233,190.04659402740143,110.78657168134889,0.4098804187868366,-0.3148592641414829
ولغدر,90,3192.6840245985463,2902.4400223623147,3004.8370867875083,0.3571428571428571,0.146020473263386,0.0,21.60862709206691,289.1289958860375,38.53537819559478,223.50053467775172,99.5164991241505,199.71869092570623,0.7833330193264394,-0.2269867849371765
بپيوند,30,10565.805020081723,11739.78335564636,11713.961314980254,0.119047619047619,0.1546864210748457,0.0,1203.8978281806685,4.792738669265816,1152.9310184788912,5.504801225769691,621.844801510659,42.41214238963536,-0.04233482984083321,0.14857112094804742
بپيوند,30,11739.78335564636,11739.78335564636,11713.961314980254,0.119047619047619,0.1546864210748457,0.0,263.8477676184639,235.92915212205665,244.26132878864368,258.83135241826824,370.82747400618496,360.0256688588591,-0.07423386222521729,0.09707236299634249
بپيوند,30,12913.761691210995,11739.78335564636,11713.961314980254,0.119047619047619,0.1546864210748457,0.0,10.847694976343178,1154.1155534949355,7.696066088124315,1205.5083737689308,61.21388238581358,601.9398941746376,-0.29053443105581267,0.044530047375555826
بپيوند,60,10565.805020081723,11739.78335564636,11688.1960707442,0.238095238095238,0.1546864210748457,0.0,1251.1278676018685,26.955778583868323,1165.4470230672623,36.37429304486453,831.9822494393794,143.52476718202797,-0.06848288392683408,0.3494061368582658
بپيوند,60,11739.78335564636,11739.78335564636,11688.1960707442,0.238095238095238,0.1546864210748457,0.0,381.1698865717453,325.39904940134056,331.8179690579811,362.37428027127737,519.1754550021031,491.5857974973472,-0.12947485951116702,0.11363042067259488
بپيوند,60,12913.761691210995,11739.78335564636,11688.1960707442,0.238095238095238,0.1546864210748457,0.0,52.02833111847326,1164.6587457956666,39.84674567870965,1261.7388752070256,178.63981091029868,807.9912208407724,-0.2341336955826053,0.0833549997042577
بپيوند,90,10565.805020081723,11739.78335564636,11662.487498012571,0.3571428571428571,0.1546864210748457,0.0,1304.7157805039203,55.53630431625197,1169.3592197561072,73.00870951166681,964.207846213407,231.123908817187,-0.10374409719757842,0.314612313702368
بپيوند,90,11739.78335564636,11739.78335564636,11662.487498012571,0.3571428571428571,0.1546864210748457,0.0,474.32546992419066,390.76864700971055,378.09257995124506,469.72964911114303,613.3227567198006,625.9583408073302,-0.20288366548885953,0.2020658584194712
بپيوند,90,12913.761691210995,11739.78335564636,11662.487498012571,0.3571428571428571,0.1546864210748457,0.0,103.0455823888242,1185.111412747534,72.87898731047943,1331.6036174036194,268.6438907465618,925.5390749551004,-0.2927500080936656,0.12361049187473563
اوان,30,8578.728783189217,9531.92087021024,9305.32607546152,0.119047619047619,0.1393062059448746,0.0,975.4764748892668,1.8831399840052117,731.5836209942253,8.355178583535002,427.6475681328157,49.85265562927523,-0.25002433187609935,3.4368335091927396
اوان,30,9531.92087021024,9531.92087021024,9305.32607546152,0.119047619047619,0.1393062059448746,0.0,194.0998975623588,171.4318443576476,87.48016976147632,318.69126202404095,190.62881515410137,330.16499035379206,-0.5493033697590107,0.8589968696782797
اوان,30,10485.112957231266,9531.92087021024,9305.32607546152,0.119047619047619,0.1393062059448746,0.0,4.861255785395144,933.118484281238,1.1448557333437834,1171.2982894174415,19.69072600408924,441.9277351629399,-0.7644938296019482,0.2552514060630452
اوان,60,8578.728783189217,9531.92087021024,9084.11793904813,0.238095238095238,0.1393062059448746,0.0,1007.532190938955,13.586124768374532,568.6348988726161,66.16815262229092,519.934648405982,174.7092197938932,-0.435616148063036,3.8702741768068862
اوان,60,9531.92087021024,9531.92087021024,9084.11793904813,0.238095238095238,0.1393062059448746,0.0,281.0951999519948,235.81300089693468,93.6056883057715,529.6777666938673,231.01837761179922,489.468044452531,-0.6669964897239178,1.2461771177975478
اوان,60,10485.112957231266,9531.92087021024,9084.11793904813,0.238095238095238,0.1393062059448746,0.0,28.80638816349699,932.1880562239548,5.502921298845787,1385.9667565311127,54.8677390843654,609.2810044867579,-0.8089687166744839,0.48678879468301095
اوان,90,8578.728783189217,9531.92087021024,8868.168408213809,0.3571428571428571,0.1393062059448746,0.0,1044.819907921193,30.56951172587378,452.9180036110812,162.24728164207826,542.1936298470052,303.1465245676072,-0.5665109363084195,4.307486854778695
اوان,90,9531.92087021024,9531.92087021024,8868.168408213809,0.3571428571428571,0.1393062059448746,0.0,350.44184610855336,282.59928035933626,88.55101577469776,736.9284229036887,253.41579033088996,607.4855541899152,-0.7473160903641968,1.607679757594056
اوان,90,10485.112957231266,9531.92087021024,8868.168408213809,0.3571428571428571,0.1393062059448746,0.0,61.63342432211493,940.198689019001,5.86526726366679,1617.5129910152707,62.389615831788724,726.2683633238032,-0.9048362584396881,0.7203948589877065
وسبحان,30,1987.989430937487,2208.8771454860967,2178.182313179677,0.119047619047619,0.1601747470490215,0.0,226.73825948905144,1.1228671927457583,190.80667902054697,2.319617146370597,113.7303168177483,13.63181677398465,-0.15847162516584243,1.065798307543757
وسبحان,30,2208.8771454860967,2208.8771454860967,2178.182313179677,0.119047619047619,0.1601747470490215,0.0,51.308300506309706,46.0553252310915,34.69456466805075,66.28655437508377,62.63723564081985,79.15975139619813,-0.3238021075403941,0.43928099611669574
وسبحان,30,2429.7648600347065,2208.8771454860967,2178.182313179677,0.119047619047619,0.1601747470490215,0.0,2.445446534517103,217.5548882803878,1.314219581245618,252.07866793768963,11.43466492417806,119.66710090314662,-0.46258502784844807,0.15868997442524535
وسبحان,60,1987.989430937487,2208.8771454860967,2147.914020091269,0.238095238095238,0.1601747470490215,0.0,236.2023205519033,5.870493493672655,170.09812742780653,14.24449894677066,144.3809283437847,42.531823483914344,-0.2798625897054681,1.4264568152785941
وسبحان,60,2208.8771454860967,2208.8771454860967,2147.914020091269,0.238095238095238,0.1601747470490215,0.0,74.06636488019831,63.572906536174514,41.210204754116056,103.46864297682488,80.67857780544416,113.95815454584141,-0.44360432943113653,0.6275587921711387
وسبحان,60,2429.7648600347065,2208.8771454860967,2147.914020091269,0.238095238095238,0.1601747470490215,0.0,11.020929709620589,220.36584007980517,4.245873779178857,285.03289816604354,24.131678230962127,155.741635711043,-0.6147445005957645,0.29345318704032936
وسبحان,90,1987.989430937487,2208.8771454860967,2118.0663389787,0.3571428571428571,0.1601747470490215,0.0,246.82137207288133,11.784326501326092,161.8602738099293,28.68201343589083,166.6246425849976,64.62559233188394,-0.3442209949220473,1.4339119789886372
وسبحان,90,2208.8771454860967,2208.8771454860967,2118.0663389787,0.3571428571428571,0.1601747470490215,0.0,92.11435485789048,76.39287594350685,44.81944333524462,133.30780634501676,94.62608961645746,137.1497269697254,-0.5134369295166875,0.7450292936163178
وسبحان,90,2429.7648600347065,2208.8771454860967,2118.0663389787,0.3571428571428571,0.1601747470490215,0.0,21.333113394953727,224.9272011377416,7.712751439626165,311.7384849539566,38.557897758491556,188.1790605759834,-0.6384610489413801,0.3859528032941343
فزرين,30,3211.1924929368392,3567.99165881871,3605.0015944074,0.119047619047619,0.1634783081670755,0.0,366.4883642474233,2.0525967538083165,398.52856066526596,1.322193436513591,199.2563960217992,12.023722298360587,0.08742486677206401,-0.3558435508287542
فزرين,30,3567.99165881871,3567.99165881871,3605.0015944074,0.119047619047619,0.1634783081670755,0.0,84.4965570599677,76.01144415803014,102.37905006362105,62.474335118996784,134.41188880787007,101.62047412958954,0.21163575920569216,-0.17809303834419055
فزرين,30,3924.7908247005817,3567.99165881871,3605.0015944074,0.119047619047619,0.1634783081670755,0.0,4.375403788608594,351.8409454783491,5.863981460106128,328.742821470092,31.927894439885065,190.3320461381855,0.34021492493402794,-0.06564933474941018
فزرين,60,3211.1924929368392,3567.99165881871,3642.395425325243,0.238095238095238,0.1634783081670755,0.0,382.3573200654701,10.303111716373904,433.0956918799348,6.247533283605847,277.82152751333587,33.540167943442036,0.13269883732257798,-0.3936265610245547
فزرين,60,3567.99165881871,3567.99165881871,3642.395425325243,0.238095238095238,0.1634783081670755,0.0,121.92226735704456,104.97222017123886,151.0127327137766,82.38096507729678,198.58337732245536,136.53271116872327,0.2385984610304346,-0.2152117489473831
فزرين,60,3924.7908247005817,3567.99165881871,3642.395425325243,0.238095238095238,0.1634783081670755,0.0,19.045038743758425,357.199152721244,28.73777855388295,306.9230042539378,92.05642905247278,240.50844559564013,0.5089377837732726,-0.14075102945874396
فزرين,90,3211.1924929368392,3567.99165881871,3680.177133627908,0.3571428571428571,0.1634783081670755,0.0,400.0384295000531,20.38389786327798,480.6692634237638,12.458338525143672,341.5134253318601,51.46127046705426,0.20155772040320946,-0.3888147100860611
فزرين,90,3567.99165881871,3567.99165881871,3680.177133627908,0.3571428571428571,0.1634783081670755,0.0,151.58129116317946,126.18644032439715,200.40972360411868,91.50925655997361,264.55318086379555,155.6458269922372,0.3221270386750744,-0.2748091132080139
فزرين,90,3924.7908247005817,3567.99165881871,3680.177133627908,0.3571428571428571,0.1634783081670755,0.0,36.39519839353716,365.2600283527481,55.64557072215958,297.23876666977964,138.79666361882482,271.7314580298909,0.5289261545017651,-0.18622695176839135
دارونو,30,9350.998003263589,10389.997781403985,10041.358423733427,0.119047619047619,0.1790506615924633,0.0,1071.2182134378054,9.980638410359916,735.2601222124798,34.98047679161889,558.9698306623546,124.03868132213447,-0.3136224599347995,2.504833594142546
دارونو,30,10389.997781403985,10389.997781403985,10041.358423733427,0.119047619047619,0.1790506615924633,0.0,268.2708489321549,243.5621857243268,114.43937883581984,478.0182803297788,259.64057235005544,466.0405858029093,-0.5734185086029928,0.9626128699256237
دارونو,30,11428.997559544385,10389.997781403985,10041.358423733427,0.119047619047619,0.1790506615924633,0.0,19.50978596133621,1031.330034573126,4.119704690250347,1390.4539928452386,45.395640734019175,597.2286135881578,-0.7888390626932232,0.34821438941294497
دارونو,60,9350.998003263589,10389.997781403985,9704.417759775248,0.238095238095238,0.1790506615924633,0.0,1125.9152564448104,42.49276868345965,539.0802018376419,180.8760360131253,640.1140329140833,336.3869192817315,-0.5212071257122483,3.2566309896283943
دارونو,60,10389.997781403985,10389.997781403985,9704.417759775248,0.238095238095238,0.1790506615924633,0.0,386.380461671768,337.02189542626456,106.01757466874162,779.3716406007131,291.468867932686,662.4398746784884,-0.7256135203886058,1.3125252429518433
دارونو,60,11428.997559544385,10389.997781403985,9704.417759775248,0.238095238095238,0.1790506615924633,0.0,73.75205173541849,1058.4574070057624,13.222076127359452,1727.51227561521,107.1868041402113,814.8704137522459,-0.8207225993550262,0.6321037239487192
دارونو,90,9350.998003263589,10389.997781403985,9378.783236504194,0.3571428571428571,0.1790506615924633,0.0,1184.801466001034,79.2468238940412,418.2062156958274,385.7432404783997,634.27880637355,544.8757009861646,-0.6470242249890478,3.867617672528638
دارونو,90,10389.997781403985,10389.997781403985,9378.783236504194,0.3571428571428571,0.1790506615924633,0.0,479.698105404872,405.7482565530981,96.05175154696137,1098.2649164583243,300.1901913191258,846.2114340167554,-0.7997662478447932,1.7067643513450321
دارونو,90,11428.997559544385,10389.997781403985,9378.783236504194,0.3571428571428571,0.1790506615924633,0.0,133.74734567244923,1091.4022900758964,13.130116096311411,2031.5731332604782,110.11160396194087,957.5877221644163,-0.9018289594436707,0.8614338193474032
شمس,30,3896.215828847251,4329.128698719168,4288.215247594506,0.119047619047619,0.1645496307938952,0.0,444.7677244206916,2.5891851304134548,395.51598532656254,4.083362734236877,228.24256196598532,26.13978133207399,-0.11073586591356031,0.5770841127860269
شمس,30,4329.128698719168,4329.128698719168,4288.215247594506,0.119047619047619,0.1645496307938952,0.0,103.15849076271752,92.86330252009498,79.62674594788137,115.30020320039844,135.09740199361164,148.57805767026474,-0.22811253480785457,0.24161213387223954
شمس,30,4762.041568591085,4329.128698719168,4288.215247594506,0.119047619047619,0.1645496307938952,0.0,5.482372680938312,427.0705354859692,3.1749612509376886,476.33404090154994,25.818116656940585,235.0462288140638,-0.4208782518604168,0.11535215221420785
شمس,60,3896.215828847251,4329.128698719168,4247.688458682825,0.238095238095238,0.1645496307938952,0.0,464.2544671535561,12.83229332017504,366.98522396093784,23.135780115607737,298.68891167487783,74.00589182410043,-0.20951708615535117,0.8029341707170509
شمس,60,4329.128698719168,4329.128698719168,4247.688458682825,0.238095238095238,0.1645496307938952,0.0,148.82954256091853,128.26364927040322,97.68572644279952,181.52622979302276,174.25793687677455,216.31401793998864,-0.3436402157668727,0.41525857735680266
شمس,60,4762.041568591085,4329.128698719168,4247.688458682825,0.238095238095238,0.1645496307938952,0.0,23.605471665537493,433.8958589178883,12.624489335854406,525.9336293877619,59.10345480687842,320.0918580180054,-0.46518800747856404,0.21211949498529584
شمس,90,3896.215828847251,4329.128698719168,4207.544677741747,0.3571428571428571,0.1645496307938952,0.0,485.91637600583545,25.272550103029744,354.69116457893784,51.02650476487006,345.79027868820947,123.41355690003445,-0.27005719071571627,1.0190485153594715
شمس,90,4329.128698719168,4329.128698719168,4207.544677741747,0.3571428571428571,0.1645496307938952,0.0,185.0147213422215,154.20254797456778,115.81817499644339,233.25149824063436,217.15072795564583,264.34601122328485,-0.3740056242215739,0.5126306361624058
شمس,90,4762.041568591085,4329.128698719168,4207.544677741747,0.3571428571428571,0.1645496307938952,0.0,44.92930747331445,443.94878664081216,21.364649518101437,576.1514333834668,93.17252472718141,369.353646580825,-0.5244829996369103,0.29778805736350966
قمرو,30,3406.7205113673454,3785.245012630384,3735.168328266444,0.119047619047619,0.1395214239839989,0.0,387.38255656010006,0.756464562438893,329.6658081714945,1.7994454859716018,174.95166579661816,13.282858548159647,-0.14899160380663948,1.3787571491387085
قمرو,30,3785.245012630384,3785.245012630384,3735.168328266444,0.119047619047619,0.1395214239839989,0.0,77.1913299294024,68.18956244648757,46.39784852490633,103.59833000010184,85.51162482689371,120.99012056037563,-0.39892409461864636,0.5192696108205951
قمرو,30,4163.769513893422,3785.245012630384,3735.168328266444,0.119047619047619,0.1395214239839989,0.0,1.948635115368731,370.5711921472016,0.6804607499506816,426.605728729783,8.919349129485983,181.062100935275,-0.6508013508614612,0.15121125918585393
قمرو,60,3406.7205113673454,3785.245012630384,3685.754130560174,0.238095238095238,0.1395214239839989,0.0,400.1440988111708,5.43568263515678,294.0665345408453,13.87225676552964,228.07974653457472,49.058827248246736,-0.265098409761589,1.5520726092077164
قمرو,60,3785.245012630384,3785.245012630384,3685.754130560174,0.238095238095238,0.1395214239839989,0.0,111.78414813055838,93.80202044947464,58.843533700705386,155.5483494621644,116.00644310777764,173.18960402204203,-0.47359679628296636,0.6582622497555763
قمرو,60,4163.769513893422,3785.245012630384,3685.754130560174,0.238095238095238,0.1395214239839989,0.0,11.507759168526777,370.2519199823723,3.7045985624270252,481.7323808445903,26.03432655551565,241.0944440118155,-0.6780781985289593,0.30109353887354734
قمرو,90,3406.7205113673454,3785.245012630384,3636.993655181886,0.3571428571428571,0.1395214239839989,0.0,414.9847699322772,12.213250315996504,261.89247795639994,37.61293672870192,251.1361681753726,92.08732652468122,-0.3689106277342682,2.079682783496033
قمرو,90,3785.245012630384,3785.245012630384,3636.993655181886,0.3571428571428571,0.1395214239839989,0.0,139.35749555642383,112.41636405282064,61.33146686817768,211.8104552282028,134.2285473133108,217.55286172282584,-0.5598983275115944,0.884160344562294
قمرو,90,4163.769513893422,3785.245012630384,3636.993655181886,0.3571428571428571,0.1395214239839989,0.0,24.59125448391296,373.4805110929883,7.392400850380529,524.1979945185838,47.682956936700336,283.3811188493611,-0.6993890305508217,0.40354845553927754
دارو,30,2146.779631304284,2385.3107014492043,2395.825339596486,0.119047619047619,0.1482414647716743,0.0,244.37072042801992,0.7343503583719198,250.7679634254908,0.7542567709334139,120.8774230980964,6.57089335930282,0.026178434905237326,0.027107513919687295
دارو,30,2385.3107014492043,2385.3107014492043,2395.825339596486,0.119047619047619,0.1482414647716743,0.0,51.49840898095613,45.82585350903628,55.39383841493427,42.41001898892864,78.26755432296832,64.7657288157646,0.07564174332878236,-0.07453946317517202
دارو,30,2623.841771594125,2385.3107014492043,2395.825339596486,0.119047619047619,0.1482414647716743,0.0,1.7480618304968232,234.0393209563058,2.2439554115967213,226.89028592548738,14.908891386587753,118.68036643279888,0.28368194559740395,-0.030546298808280685
دارو,60,2146.779631304284,2385.3107014492043,2406.386327099976,0.238095238095238,0.1482414647716743,0.0,253.27387642379267,4.544347446101028,259.3500376993679,4.054824243560577,163.3029545834388,21.551720200972436,0.023990477665403652,-0.10772134136892497
دارو,60,2385.3107014492043,2385.3107014492043,2406.386327099976,0.238095238095238,0.1482414647716743,0.0,74.46952858133704,63.1379076560354,80.10476422389482,58.99951981410022,111.45124914688643,89.88109774230087,0.07567169753737411,-0.065545216741746
دارو,60,2623.841771594125,2385.3107014492043,2406.386327099976,0.238095238095238,0.1482414647716743,0.0,9.094157587201437,235.1604447142909,11.23129686197666,226.39104328973158,42.48246758163579,154.10080186805507,0.23500134611510384,-0.03729114152345529
دارو,90,2146.779631304284,2385.3107014492043,2416.9938682713,0.3571428571428571,0.1482414647716743,0.0,263.49609145348404,9.685515711636782,281.12016625065945,7.131341034205137,196.7176595512714,31.170637749490485,0.06688552646059516,-0.26371075670889677
دارو,90,2385.3107014492043,2385.3107014492043,2416.9938682713,0.3571428571428571,0.1482414647716743,0.0,92.73728516023266,75.76005671920302,100.5787815629937,71.1432688611656,141.64575523597605,109.32049052411067,0.08455602716008347,-0.06093960403368075
دارو,90,2623.841771594125,2385.3107014492043,2416.9938682713,0.3571428571428571,0.1482414647716743,0.0,18.556246650099126,238.4123655098872,21.896120976074933,221.75078538552023,68.30959867481522,174.62815223409328,0.17998652361941767,-0.06988555349775258
سدبير,30,29315.74616094134,32573.05128993482,32348.53399991722,0.119047619047619,0.1513453281415132,0.0,3338.550548421259,11.529052416292757,3005.447399418242,19.53606249083864,1639.5839943789151,141.41810801096003,-0.09977478075344265,0.6945072140734172
سدبير,30,32573.05128993482,32573.05128993482,32348.53399991722,0.119047619047619,0.1513453281415132,0.0,717.1266546746047,639.6640246618445,566.6163356331326,780.24666698064,931.2491424775513,1036.279539692303,-0.20987968869985163,0.21977575242427302
سدبير,30,35830.356418928306,32573.05128993482,32348.53399991722,0.119047619047619,0.1513453281415132,0.0,26.76529816027619,3198.8615341397235,16.07713338330573,3534.4743645385943,143.0766677220018,1651.227882848324,-0.3993291878524013,0.10491633564537135
سدبير,60,29315.74616094134,32573.05128993482,32125.56424725092,0.238095238095238,0.1513453281415132,0.0,3464.6112361905325,68.039167072091,2904.962305153754,121.0078728375911,2160.3787406185,446.0537904449614,-0.1615329665824593,0.7785031481848832
سدبير,60,32573.05128993482,32573.05128993482,32125.56424725092,0.238095238095238,0.1513453281415132,0.0,1036.5118715103015,881.770826927017,794.2125850528544,1188.2944988350603,1354.903995815754,1495.5614548033986,-0.2337641209110252,0.34762283186015847
سدبير,60,35830.356418928306,32573.05128993482,32125.56424725092,0.238095238095238,0.1513453281415132,0.0,133.7400592239419,3220.830039175813,66.94265169748896,3796.309222389484,365.51332079196567,2184.928055786344,-0.49945699077793587,0.17867418529197898
سدبير,90,29315.74616094134,32573.05128993482,31904.131365176785,0.3571428571428571,0.1513453281415132,0.0,3608.552873490771,142.59563087906645,2842.7904246158932,269.9112109713805,2525.986636579423,738.7618217780927,-0.2122076288532,0.8928434855082538
سدبير,90,32573.05128993482,32573.05128993482,31904.131365176785,0.3571428571428571,0.1513453281415132,0.0,1290.3090584037054,1058.4733766056816,839.5221714100759,1543.6487922045098,1524.5735301452373,1818.3804027189267,-0.34936349865769106,0.45837280967301375
سدبير,90,35830.356418928306,32573.05128993482,31904.131365176785,0.3571428571428571,0.1513453281415132,0.0,268.89164102724953,3271.1775200429074,142.58930266453984,3989.598608997475,611.359790386642,2561.7525317636046,-0.4697146325568008,0.21962155356984236
شبريز,30,19838.63648490524,22042.929427672483,21884.91925331085,0.119047619047619,0.1741887467375635,0.0,2269.7186195959694,18.24701541597392,2059.9641180180743,24.997962037087024,1250.9214173804744,148.15737413376564,-0.09241431945217655,0.36997538869853464
شبريز,30,22042.929427672483,22042.929427672483,21884.91925331085,0.119047619047619,0.1741887467375635,0.0,554.4345431464153,502.0138082433641,450.0231195926914,612.573264193691,740.9662207672377,791.6092528669554,-0.18832055982873872,0.22023190226020703
شبريز,30,24247.222370439733,22042.929427672483,21884.91925331085,0.119047619047619,0.1741887467375635,0.0,36.56223583277893,2183.1923702066706,23.42613954129742,2389.0922872797332,148.25352175180743,1243.699633841723,-0.35928044312062235,0.0943113945811249
شبريز,60,19838.63648490524,22042.929427672483,21728.041742159145,0.238095238095238,0.1741887467375635,0.0,2379.969738343836,81.43166927702146,2030.1784304917232,126.63993579183453,1662.4661661384914,411.1345877373494,-0.14697300651205936,0.5551681172225463
شبريز,60,22042.929427672483,22042.929427672483,21728.041742159145,0.238095238095238,0.1741887467375635,0.0,798.964926853334,694.2481198538117,612.9197097415677,877.2127387023597,1036.3400543012333,1115.336855239995,-0.23285780246260876,0.26354355685842557
شبريز,60,24247.222370439733,22042.929427672483,21728.041742159145,0.238095238095238,0.1741887467375635,0.0,143.91196889135108,2233.016423959125,92.5062816265679,2617.41398371173,406.8851550915707,1691.1677089707312,-0.3572023068046052,0.17214273734318103
شبريز,90,19838.63648490524,22042.929427672483,21572.28877495573,0.3571428571428571,0.1741887467375635,0.0,2499.952777977724,154.46017373318637,1990.4922894178248,256.6845773434993,1899.37936535082,627.9086775766276,-0.20378804473739495,0.6618172253703068
شبريز,90,22042.929427672483,22042.929427672483,21572.28877495573,0.3571428571428571,0.1741887467375635,0.0,992.3385799834668,835.4500672309241,679.3318933196595,1149.0342741428487,1206.6056064769748,1384.2646003516627,-0.31542327687090665,0.3753476350193983
شبريز,90,24247.222370439733,22042.929427672483,21572.28877495573,0.3571428571428571,0.1741887467375635,0.0,264.94100272840205,2296.6565814678543,161.02819254029214,2816.2821745618617,592.2540040029348,1955.739994300502,-0.39221113047055856,0.22625306599469952
