symbol,days_to_expiry,T_years,strike_pct,strike,spot,predicted_spot,sigma_annual,call_price,put_price,expected_return_pct,mc_call_price,mc_put_price,mc_call_expected_return_pct,mc_put_expected_return_pct,dividend_yield,recommendation,mc_call_price_hp,mc_put_price_hp,mc_call_expected_return_hp,mc_put_expected_return_hp
ولبهمن,30,0.11904761904761904,0.9,2415.6844192422514,2684.0937991580568,2660.314943958876,0.14171143444880105,274.75568781256607,0.6015200741600424,0.10126758394764165,274.1764340628794,0.6071164204316742,-0.0021082502578865653,0.0093036733303482,0.0,hold,275.1417302150967,0.4994584704709012,0.0014050388023048757,-0.16967281404807505
ولبهمن,30,0.11904761904761904,1.0,2684.0937991580568,2684.0937991580568,2660.314943958876,0.14171143444880105,55.542843846592405,49.15974626592515,-0.008859174447122394,57.735710225326464,47.998904552897606,0.03948062840985758,-0.023613663641550896,0.0,hold,56.729267335600404,50.15699224952756,0.021360510316772118,0.020285824467195183
ولبهمن,30,0.11904761904761904,1.1,2952.5031790738626,2684.0937991580568,2660.314943958876,0.14171143444880105,1.517106044198215,262.9050786212706,-0.09896288586102041,1.6803127289891187,262.5192527074241,0.10757763797398742,-0.0014675483481334155,0.0,buy_call,1.6491634664827282,263.7101674869867,0.08704561081246308,0.003062279625552034
ولبهمن,60,0.23809523809523808,0.9,2415.6844192422514,2684.0937991580568,2636.746749786058,0.14171143444880105,284.03824572475423,4.1529519594958515,0.0915112623084886,278.50385773328713,4.342996630954218,-0.019484657699337323,0.045761345980375144,0.0,hold,284.89885007269436,3.90947417354425,0.0030298889705652147,-0.058627643258642115
ولبهمن,60,0.23809523809523808,1.0,2684.0937991580568,2684.0937991580568,2636.746749786058,0.14171143444880105,80.40358207444092,67.65256668615939,-0.01763986392236014,84.31068607608368,67.2823968792433,0.04859365591480001,-0.005471629903316383,0.0,hold,79.6154308021498,67.87560235313532,-0.009802439791319425,0.003296780564299878
ولبهمن,60,0.23809523809523808,1.1,2952.5031790738626,2684.0937991580568,2636.746749786058,0.14171143444880105,8.660982163006793,263.04424515170285,-0.10694533083850927,8.891052892266293,261.8422874911255,0.026564046078075255,-0.004569412495164723,0.0,hold,8.28217089609661,263.76600194098233,-0.043737680066838217,0.002743860786094105
ولبهمن,90,0.35714285714285715,0.9,2415.6844192422514,2684.0937991580568,2613.38735035682,0.14171143444880105,294.8033294455381,9.200538959782449,0.0818413736246989,288.1738316959288,11.192266377498823,-0.022487865934478976,0.2164794286968021,0.0,strong_buy_put,294.7572724894649,8.523754214420764,-0.00015622942983652932,-0.0735592499874255
ولبهمن,90,0.35714285714285715,1.0,2684.0937991580568,2684.0937991580568,2613.38735035682,0.14171143444880105,100.20771881346104,81.10392929129466,-0.026342763737770884,106.05732209404037,75.58254296609752,0.058374777410795074,-0.06807791402271533,0.0,buy_call,99.19432425608728,81.51744923095193,-0.01011293909664,0.005098642485890613
ولبهمن,90,0.35714285714285715,1.1,2952.5031790738626,2684.0937991580568,2613.38735035682,0.14171143444880105,18.281415913239414,265.67662735466183,-0.11485705794342813,17.418358050679903,267.0862756802222,-0.04720957428327443,0.005305880082851802,0.0,hold,18.929665131641865,265.69775712938883,0.035459464490000966,7.953192923814864e-05
پاداش,30,0.11904761904761904,0.9,17726.176128533138,19695.751253925708,19437.297617336364,0.14812966640065073,2017.76253307168,6.0324308314260975,0.09653077326975786,1984.645392716457,5.418004753129711,-0.016412803693409906,-0.10185381241265434,0.0,hold,2025.897162458831,5.519887403021855,0.004031509780671451,-0.08496465897862186
پاداش,30,0.11904761904761904,1.0,19695.751253925708,19695.751253925708,19437.297617336364,0.14812966640065073,424.9252543188013,378.08639115471124,-0.01312230405721789,421.44636148799395,372.51329517336586,-0.00818707006808615,-0.014740271302346054,0.0,hold,427.76339744682963,373.1826887491082,0.006679158508896241,-0.012969793466055934
پاداش,30,0.11904761904761904,1.1,21665.32637931828,19695.751253925708,19437.297617336364,0.14812966640065073,14.373071180062993,1932.425447092137,-0.10283845823383457,15.971642077496453,1959.875610283791,0.11121985533967511,0.01420503090194783,0.0,buy_call,15.234424347660394,1934.3764908246667,0.059928261455505095,0.001009634672046819
پاداش,60,0.23809523809523808,0.9,17726.176128533138,19695.751253925708,19182.235487951042,0.14812966640065073,2091.1808403597715,37.39601087220626,0.08214176305481599,2132.0338101071993,37.46526941386494,0.019535837818980467,0.0018520302043807423,0.0,hold,2097.0648417439998,37.82225091457686,0.002813721927184411,0.01139800830166606
پاداش,60,0.23809523809523808,1.0,19695.751253925708,19695.751253925708,19182.235487951042,0.14812966640065073,614.4759987394282,520.9096608560976,-0.026072413250665567,594.1680273833177,527.0193722608254,-0.03304925074009627,0.0117289270363823,0.0,hold,618.9386651488583,519.3811718792986,0.007262556094273916,-0.002934268821751228
پاداش,60,0.23809523809523808,1.1,21665.32637931828,19695.751253925708,19182.235487951042,0.14812966640065073,74.88675895671076,1941.5389126776245,-0.11461128477333245,69.16034206420346,1906.2860970384422,-0.07646768230172078,-0.018157151221122946,0.0,hold,75.67603718184729,1936.4661750488456,0.010539623240909382,-0.0026127406438550115
پاداش,90,0.35714285714285715,0.9,17726.176128533138,19695.751253925708,18930.520361380994,0.14812966640065073,2175.4926041422677,79.75305860216895,0.06794156980699688,2107.823357900433,81.64959258915943,-0.031105252260103432,0.023780078409919428,0.0,hold,2167.581440554951,82.20579917888706,-0.003636492981981897,0.030754188236881103
پاداش,90,0.35714285714285715,1.0,19695.751253925708,19695.751253925708,18930.520361380994,0.14812966640065073,765.2202309079566,625.0375418551484,-0.03885258717370277,753.9189041613848,617.0534083684988,-0.014768724466631593,-0.012773846292419884,0.0,hold,765.1446156221241,634.8390473636823,-9.881506366191489e-05,0.015681466875481456
پاداش,90,0.35714285714285715,1.1,21665.32637931828,19695.751253925708,18930.520361380994,0.14812966640065073,152.88689740577593,1968.2610648402588,-0.12622962470336627,149.56037951535302,2000.3041750154762,-0.02175803124314846,0.01627990856884525,0.0,hold,150.38567988842377,1962.599993794772,-0.016359920698198863,-0.002876178951365998
وسپهح,30,0.11904761904761904,0.9,2535.9176663270164,2817.686295918907,2817.4114804959836,0.16467650512958115,289.49227154598884,1.692925022454034,0.11100274188975483,289.5631953558812,1.9745741136883055,0.0002449937938363314,0.16636831962351056,0.0,buy_put,290.05759077435175,1.635436614401182,0.0019527955801511019,-0.03395803552452534
وسپهح,30,0.11904761904761904,1.0,2817.686295918907,2817.686295918907,2817.4114804959836,0.16467650512958115,67.19152703862414,60.49073044790839,-9.753229922063259e-05,68.6181665516057,57.61716436171757,0.021232431764223302,-0.04750423849924233,0.0,hold,66.75800331062007,60.681890393610146,-0.006452059465099975,0.003160152709122488
وسپهح,30,0.11904761904761904,1.1,3099.454925510798,2817.686295918907,2817.4114804959836,0.16467650512958115,3.5818068349511236,277.9795601770552,-0.09099775663565524,3.6357411895454197,279.72739613632285,0.015057862436356663,0.006287642005600705,0.0,hold,3.5667864345156106,280.5059706679139,-0.004193526096646127,0.009088475747100115
وسپهح,60,0.23809523809523808,0.9,2535.9176663270164,2817.686295918907,2817.13669187644,0.16467650512958115,302.1935476309095,8.377825945257882,0.11089438323789788,312.6815839417545,7.917226170276877,0.034706354232469594,-0.0549784368869252,0.0,hold,301.9591655357517,7.898775400523748,-0.0007756025798541064,-0.05718077074700891
وسپهح,60,0.23809523809523808,1.0,2817.686295918907,2817.686295918907,2817.13669187644,0.16467650512958115,96.93746091414505,83.55180303218799,-0.00019505508589188637,98.79096979470155,83.68439481840144,0.019120666696625238,0.0015869410521562616,0.0,hold,97.00750387600502,83.13889298264945,0.0007225582473426213,-0.00494196456035146
وسپهح,60,0.23809523809523808,1.1,3099.454925510798,2817.686295918907,2817.13669187644,0.16467650512958115,15.402558552960897,282.4469644746996,-0.09108641371444728,15.427011268805,277.63924163478583,0.001587574931789609,-0.017021683518019966,0.0,hold,15.713735041415747,282.80159361555013,0.02020290897677067,0.001255560106691464
وسپهح,90,0.35714285714285715,0.9,2535.9176663270164,2817.686295918907,2816.861930057663,0.16467650512958115,316.30869898898527,16.49090980429162,0.1107860351545095,318.3913649447347,15.69767362918764,0.006584282893281824,-0.04810141978325204,0.0,hold,316.40911218965323,16.626027607462376,0.00031745317466420675,0.008193471723166805
وسپهح,90,0.35714285714285715,1.0,2817.686295918907,2817.686295918907,2816.861930057663,0.16467650512958115,120.50454731922741,100.44992554944702,-0.00029256836094143304,125.98562444822046,102.11667766132881,0.045484400804172,0.016592865577200692,0.0,hold,122.32454050731303,99.82757101135827,0.015103107962094511,-0.006195669480933419
وسپهح,90,0.35714285714285715,1.1,3099.454925510798,2817.686295918907,2816.861930057663,0.16467650512958115,29.302534446998152,289.01108009213067,-0.09117506214631052,31.072242027020344,286.99120908164,0.06039435200471156,-0.006988905096118648,0.0,buy_call,29.33886406071583,289.9959153674199,0.0012398113133658083,0.0034076038710187085
شكربن,30,0.11904761904761904,0.9,6125.997637857292,6806.664042063658,6788.661891450831,0.18014048042721176,701.9865505396992,6.751787837947063,0.10817246312640122,690.0238899143158,7.098765680612231,-0.017041153589319312,0.05139051329709276,0.0,buy_put,,,,
شكربن,30,0.11904761904761904,1.0,6806.664042063658,6806.664042063658,6788.661891450831,0.18014048042721176,176.76741212072056,160.58034712584686,-0.0026447831862389014,176.35765376052754,162.47259827980804,-0.002318065051001515,0.011783827771142041,0.0,hold,,,,
شكربن,30,0.11904761904761904,1.1,7487.330446270024,6806.664042063658,6788.661891450831,0.18014048042721176,13.128457189613869,675.9890899016191,-0.09331343926021729,13.276740915287213,671.9235144100844,0.011294832555850835,-0.006014261993675611,0.0,hold,,,,
شكربن,60,0.23809523809523808,0.9,6125.997637857292,6806.664042063658,6770.70735262326,0.18014048042721176,738.2261448659865,28.45766897591261,0.10524158722847139,740.1370885084276,27.531110196114927,0.0025885613178709805,-0.032559194520884696,0.0,hold,,,,
شكربن,60,0.23809523809523808,1.0,6806.664042063658,6806.664042063658,6770.70735262326,0.18014048042721176,254.5614871617313,222.22585195761167,-0.005282571494375749,255.98170048534456,225.26851605919157,0.005579058087097676,0.013691764818434685,0.0,hold,,,,
شكربن,60,0.23809523809523808,1.1,7487.330446270024,6806.664042063658,6770.70735262326,0.18014048042721176,49.20130985935225,694.2985153411864,-0.09571142863125079,46.92145376881311,725.1088200905407,-0.04633730478022595,0.04437616395335905,0.0,hold,,,,
شكربن,90,0.35714285714285715,0.9,6125.997637857292,6806.664042063658,6752.800299658097,0.18014048042721176,777.1473361045855,52.87970994255363,0.10231846286183745,776.487453490586,47.80238386646969,-0.0008491087639921684,-0.0960165265959239,0.0,hold,,,,
شكربن,90,0.35714285714285715,1.0,6806.664042063658,6806.664042063658,6752.800299658097,0.18014048042721176,316.0142036069424,267.5684014339804,-0.007913383424346297,319.21063290854073,263.1209574037603,0.010114827957461265,-0.016621708715920412,0.0,hold,,,,
شكربن,90,0.35714285714285715,1.1,7487.330446270024,6806.664042063658,6752.800299658097,0.18014048042721176,88.93721713225568,716.3132389483644,-0.09810307584031493,87.47341473499863,722.0523010960163,-0.016458828423653975,0.008011944824693668,0.0,hold,,,,
وارس,30,0.11904761904761904,0.9,5048.393873696178,5609.326526329087,5360.501276287908,0.14431987529768533,574.3713611195526,1.4330212295312492,0.06182310857675223,583.4911646791008,1.47030591820473,0.015877886985472458,0.026018238882390354,0.0,hold,,,,
وارس,30,0.11904761904761904,1.0,5609.326526329087,5609.326526329087,5360.501276287908,0.14431987529768533,118.0843197448603,104.74466723695832,-0.04435920228092299,119.37151116951206,104.77681876906509,0.010900612608286564,0.0003069514940940311,0.0,hold,,,,
وارس,30,0.11904761904761904,1.1,6170.259178961996,5609.326526329087,5360.501276287908,0.14431987529768533,3.528587496822581,549.7876223710409,-0.13123563843720285,4.468423203479106,550.8055958385628,0.2663489873788951,0.001851575819644152,0.0,strong_buy_call,,,,
وارس,60,0.23809523809523808,0.9,5048.393873696178,5609.326526329087,5122.713715845906,0.14431987529768533,594.3701083372871,9.454632157078777,0.014721482516837569,593.394345732976,9.539994281458338,-0.001641675095405945,0.009028603436004578,0.0,hold,,,,
وارس,60,0.23809523809523808,1.0,5609.326526329087,5609.326526329087,5122.713715845906,0.14431987529768533,170.86375690121486,144.216175181994,-0.08675066573484619,170.70032497081064,137.02099091039096,-0.0009565043714841383,-0.049891659257521266,0.0,hold,,,,
وارس,60,0.23809523809523808,1.1,6170.259178961996,5609.326526329087,5122.713715845906,0.14431987529768533,19.38348911119374,551.0038018529604,-0.16977333248622392,18.370706979912406,544.0474549594454,-0.052249733031627624,-0.012624861879576083,0.0,hold,,,,
وارس,90,0.35714285714285715,0.9,5048.393873696178,5609.326526329087,4895.474221897438,0.14431987529768533,617.4770500945779,20.612920693481612,-0.030290752984925128,613.6046326254258,18.628449107726528,-0.00627135448768331,-0.09627318783517323,0.0,hold,,,,
وارس,90,0.35714285714285715,1.0,5609.326526329087,5609.326526329087,4895.474221897438,0.14431987529768533,212.87875230028249,172.9548892245166,-0.12726167768643262,209.89987382378902,165.2213139077298,-0.01399331048451241,-0.04471440704256505,0.0,hold,,,,
وارس,90,0.35714285714285715,1.1,6170.259178961996,5609.326526329087,4895.474221897438,0.14431987529768533,40.344575041056146,557.3609782906242,-0.20660152516948432,40.68094097411648,559.1117011532485,0.008337327452774925,0.0031410933502981357,0.0,hold,,,,
رابين,30,0.11904761904761904,0.9,18134.00189611104,20148.890995678932,19946.35944013657,0.22449980246103948,2113.30413204047,55.2901969444074,0.09994250328242231,2086.940045641581,60.3227979896514,-0.012475292126284492,0.09102157929196973,0.0,buy_put,,,,
رابين,30,0.11904761904761904,1.0,20148.890995678932,20148.890995678932,19946.35944013657,0.22449980246103948,645.9967319625357,598.0802480423463,-0.010051747045819865,654.9714511433665,586.7542654613206,0.013892824432045692,-0.01893722893892279,0.0,hold,,,,
رابين,30,0.11904761904761904,1.1,22163.780095246828,20148.890995678932,19946.35944013657,0.22449980246103948,91.73354334603573,2053.914510601724,-0.10004704276892726,80.09350084369338,2062.2057391161484,-0.12688970770957775,0.004036793387274581,0.0,hold,,,,
رابين,60,0.23809523809523808,0.9,18134.00189611104,20148.890995678932,19745.86368055932,0.22449980246103948,2273.1735751255055,172.13736054212222,0.08888615947448171,2281.487512688029,181.90909114573896,0.003657414309887996,0.05676705261915281,0.0,buy_put,,,,
رابين,60,0.23809523809523808,1.0,20148.890995678932,20148.890995678932,19745.86368055932,0.22449980246103948,926.7045039461791,830.9854872622964,-0.0200024564729664,914.7748084401908,827.6434843629798,-0.012873246493556667,-0.004021734375081378,0.0,hold,,,,
رابين,60,0.23809523809523808,1.1,22163.780095246828,20148.890995678932,19745.86368055932,0.22449980246103948,264.5998324262864,2174.1980136419133,-0.10909314224815138,266.4592985156112,2117.2596030037494,0.0070274651056054195,-0.02618823597524528,0.0,hold,,,,
رابين,90,0.35714285714285715,0.9,18134.00189611104,20148.890995678932,19547.3832536411,0.22449980246103948,2430.4217217354835,286.46553981504985,0.07794095123775015,2433.5682535631368,268.58320410876905,0.0012946443818838158,-0.06242403787145265,0.0,hold,,,,
رابين,90,0.35714285714285715,1.0,20148.890995678932,20148.890995678932,19547.3832536411,0.22449980246103948,1147.025223638655,1003.6173543580517,-0.029853143886024815,1158.8549551935391,1031.6819915667475,0.010313401406603083,0.027963483380224027,0.0,hold,,,,
رابين,90,0.35714285714285715,1.1,22163.780095246828,20148.890995678932,19547.3832536411,0.22449980246103948,433.21002896609025,2290.3504723253227,-0.11804831262365903,399.9341084510219,2296.270943946493,-0.07681244267240409,0.0025849631716666327,0.0,hold,,,,
كگهر,30,0.11904761904761904,0.9,6067.971580533103,6742.1906450367815,6752.8897539564505,0.15980755591545584,692.0287236706936,3.3792936084764165,0.112874321234572,696.26545968094,3.8580695288919595,0.006122196760524222,0.14167929037435822,0.0,buy_put,,,,
كگهر,30,0.11904761904761904,1.0,6742.1906450367815,6742.1906450367815,6752.8897539564505,0.15980755591545584,156.2692166882548,140.2354771787668,0.0015868891111148115,152.56571517271456,135.3213213668688,-0.02369949497429454,-0.03504217271378223,0.0,hold,,,,
كگهر,30,0.11904761904761904,1.1,7416.40970954046,6742.1906450367815,6752.8897539564505,0.15980755591545584,7.377759754275303,663.9597107975178,-0.08946646444444119,7.500947809169818,660.8376970425875,0.016697216905596553,-0.004702113251992809,0.0,hold,,,,
كگهر,60,0.23809523809523808,0.9,6067.971580533103,6742.1906450367815,6763.605841175562,0.15980755591545584,720.7955569261367,17.750078448661043,0.11464032937697832,700.4584920795702,16.74582632749334,-0.02821474778964337,-0.05657733423952598,0.0,hold,,,,
كگهر,60,0.23809523809523808,1.0,6742.1906450367815,6742.1906450367815,6763.605841175562,0.15980755591545584,225.59441790344363,193.56506904366915,0.0031762964392805003,232.45638540292285,190.20712557939586,0.030417275228929654,-0.017347879350667984,0.0,hold,,,,
كگهر,60,0.23809523809523808,1.1,7416.40970954046,6742.1906450367815,6763.605841175562,0.15980755591545584,33.382210349888055,672.3689911078154,-0.08802154869156328,33.616170414066396,651.8606902271721,0.0070085252512083925,-0.030501556662887203,0.0,hold,,,,
كگهر,90,0.35714285714285715,0.9,6067.971580533103,6742.1906450367815,6774.338933636796,0.15980755591545584,753.0978735454328,35.6905821856908,0.11640913997847611,746.5077997879885,38.51155620305198,-0.008750620588555878,0.07903973106082242,0.0,buy_put,,,,
كگهر,90,0.35714285714285715,1.0,6742.1906450367815,6742.1906450367815,6774.338933636796,0.15980755591545584,280.57628100563034,232.58936227666982,0.004768225980628513,289.67529642977274,229.78783544941138,0.032429738506512665,-0.012044948229085252,0.0,hold,,,,
كگهر,90,0.35714285714285715,1.1,7416.40970954046,6742.1906450367815,6774.338933636796,0.15980755591545584,64.71265559162657,686.1461094934493,-0.08657434001761054,66.21854698085333,665.0170146412852,0.023270431037937724,-0.03079387110095662,0.0,hold,,,,
اهرم,30,0.11904761904761904,0.9,21770.58745993682,24189.541622152025,23683.94780721345,0.13692805647437697,2474.923752514267,4.196517320459179,0.08788740087044865,2459.917389736073,2.4851905771286305,-0.006063363674516963,-0.4077968974385877,0.0,hold,,,,
اهرم,30,0.11904761904761904,1.0,24189.541622152025,24189.541622152025,23683.94780721345,0.13692805647437697,484.6783040242226,427.15266738133323,-0.020901339216596232,494.4005605263624,423.87392905426947,0.020059194771907807,-0.007675799725573821,0.0,hold,,,,
اهرم,30,0.11904761904761904,1.1,26608.495784367227,24189.541622152025,23683.94780721345,0.13692805647437697,11.097894905257704,2366.773856813281,-0.10991030837872386,9.734364007846864,2340.925405736914,-0.12286392230700055,-0.01092138608932005,0.0,hold,,,,
اهرم,60,0.23809523809523808,0.9,21770.58745993682,24189.541622152025,23188.921580106726,0.13692805647437697,2554.0677605289893,31.69057494528556,0.06514909727539434,2548.107603494872,34.629663788496025,-0.0023335939344392943,0.09274331085140806,0.0,buy_put,,,,
اهرم,60,0.23809523809523808,1.0,24189.541622152025,24189.541622152025,23188.921580106726,0.13692805647437697,702.2091806511417,587.2947102416911,-0.041365812452145115,675.3906237768424,553.2916836757628,-0.038191692181282856,-0.05789772319238993,0.0,hold,,,,
اهرم,60,0.23809523809523808,1.1,26608.495784367227,24189.541622152025,23188.921580106726,0.13692805647437697,68.35446920095274,2360.902713965763,-0.12851437495649556,67.45610736652601,2351.9386648468867,-0.013142693446798082,-0.0037968735712191285,0.0,hold,,,,
اهرم,90,0.35714285714285715,0.9,21770.58745993682,24189.541622152025,22704.24206409387,0.13692805647437697,2646.3652679124207,72.46096172720877,0.04288605467699018,2624.3685203130435,71.89429870447258,-0.008312060268509057,-0.007820252577787883,0.0,hold,,,,
اهرم,90,0.35714285714285715,1.0,24189.541622152025,24189.541622152025,22704.24206409387,0.13692805647437697,875.7269656954013,703.5601390620541,-0.06140255079070885,898.4910018326441,716.2675421804145,0.025994444648813814,0.018061573436069258,0.0,hold,,,,
اهرم,90,0.35714285714285715,1.1,26608.495784367227,24189.541622152025,22704.24206409387,0.13692805647437697,148.31493086361843,2377.8855837821393,-0.14672959162791716,156.47656759755318,2365.6460855001733,0.0550290971138955,-0.0051472191788549,0.0,buy_call,,,,
خودران,30,0.11904761904761904,0.9,8909.773538343961,9899.748375937734,9763.719056190368,0.18184466363248886,1021.4798066752264,10.316456990433721,0.0958436838120947,1017.4225528751149,8.804084908325093,-0.003971937353629468,-0.1465980116537127,0.0,hold,,,,
خودران,30,0.11904761904761904,1.0,9899.748375937734,9899.748375937734,9763.719056190368,0.18184466363248886,259.4107433402705,235.86795212802463,-0.013740684569114673,271.9288155069661,222.7890940583231,0.04825579698630883,-0.0554499157333701,0.0,hold,,,,
خودران,30,0.11904761904761904,1.1,10889.723213531508,9899.748375937734,9763.719056190368,0.18184466363248886,19.89784984567052,983.9756171059744,-0.10340062233555887,14.154978018737118,987.7040804500638,-0.2886177085200473,0.0037891826578542493,0.0,hold,,,,
خودران,60,0.23809523809523808,0.9,8909.773538343961,9899.748375937734,9629.558872417801,0.18184466363248886,1075.1180004754997,42.816527527491985,0.08078604141577599,1102.023485282625,42.986956059486765,0.025025610951751907,0.003980437971887138,0.0,hold,,,,
خودران,60,0.23809523809523808,1.0,9899.748375937734,9899.748375937734,9629.558872417801,0.18184466363248886,373.5077345296904,326.47813969165054,-0.027292562725801512,374.6094219909218,329.989943856892,0.0029495706765446344,0.010756628816123102,0.0,hold,,,,
خودران,60,0.23809523809523808,1.1,10889.723213531508,9899.748375937734,9629.558872417801,0.18184466363248886,73.58889638278924,1011.8311796547205,-0.11572051156891054,67.83879895263397,1002.3171354548493,-0.07813811203588174,-0.009402798007388673,0.0,hold,,,,
خودران,90,0.35714285714285715,0.9,8909.773538343961,9899.748375937734,9497.242141412187,0.18184466363248886,1132.5090929477055,79.11976573360653,0.06593530133397951,1144.8700678852267,88.15774449195006,0.010914680521767745,0.11423161677164319,0.0,buy_put,,,,
خودران,90,0.35714285714285715,1.0,9899.748375937734,9899.748375937734,9497.242141412187,0.18184466363248886,463.610739472575,393.15019544998904,-0.040658228799418335,493.40194655380685,372.49523042998703,0.06425909614415684,-0.052537084450284696,0.0,buy_call,,,,
خودران,90,0.35714285714285715,1.1,10889.723213531508,9899.748375937734,9497.242141412187,0.18184466363248886,132.36298765933134,1044.8312268282616,-0.12787111709038038,128.95475242658136,1035.7493128665737,-0.025749156112446662,-0.00869223060001503,0.0,hold,,,,
ولغدر,30,0.11904761904761904,0.9,2612.196020126083,2902.4400223623147,2936.1786715138223,0.146020473263386,297.26127336598665,0.8051551070122329,0.12402692940788629,293.06197642865186,0.6183859825668234,-0.014126619622478166,-0.23196663949443455,0.0,hold,,,,
ولغدر,30,0.11904761904761904,1.0,2902.4400223623147,2902.4400223623147,2936.1786715138223,0.146020473263386,61.77812818905977,54.87577705267836,0.011624236467097608,63.86917609498688,57.968933101968545,0.03384770576939246,0.056366510242231126,0.0,buy_put,,,,
ولغدر,30,0.11904761904761904,1.1,3192.6840245985463,2902.4400223623147,2936.1786715138223,0.146020473263386,1.9530720773359889,284.6044880635486,-0.08034160321172949,1.3440932268382844,282.2596016624354,-0.3118056202658727,-0.00823910549361978,0.0,hold,,,,
ولغدر,60,0.23809523809523808,0.9,2612.196020126083,2902.4400223623147,2970.3095067011463,0.146020473263386,307.8170093618746,5.1635482385191835,0.13709288423070873,305.86312267002694,5.873676426522492,-0.006347559207004916,0.13752717224676508,0.0,buy_put,,,,
ولغدر,60,0.23809523809523808,1.0,2902.4400223623147,2902.4400223623147,2970.3095067011463,0.146020473263386,89.36601265970467,75.57772500734518,0.023383595807637814,89.22791132539584,71.65222997340344,-0.001545345150786823,-0.05193984118416155,0.0,hold,,,,
ولغدر,60,0.23809523809523808,1.1,3192.6840245985463,2902.4400223623147,2970.3095067011463,0.146020473263386,10.473447274619787,285.55033309325563,-0.06965127653851112,8.903480594199182,283.3456411446941,-0.1498997072554221,-0.007720852308869451,0.0,hold,,,,
ولغدر,90,0.35714285714285715,0.9,2612.196020126083,2902.4400223623147,3004.8370867875083,0.146020473263386,319.981220637369,11.145154675651042,0.15031072080206045,318.05150099171095,11.817695480171214,-0.006030727809007837,0.06034378383186366,0.0,buy_put,,,,
ولغدر,90,0.35714285714285715,1.0,2902.4400223623147,2902.4400223623147,3004.8370867875083,0.146020473263386,111.31760788700353,90.6597593031297,0.03527964872185435,109.11489422177489,85.89719950765749,-0.019787648217024008,-0.05253223516232966,0.0,hold,,,,
ولغدر,90,0.35714285714285715,1.1,3192.6840245985463,2902.4400223623147,3004.8370867875083,0.146020473263386,21.60862709206691,289.1289958860375,-0.05883668298013245,20.09448879445657,294.72218018349747,-0.07007100872994473,0.019344944218823934,0.0,hold,,,,
بپيوند,30,0.11904761904761904,0.9,10565.805020081723,11739.78335564636,11713.961314980254,0.1546864210748457,1203.8978281806685,4.792738669265816,0.1086671855780327,1225.0701780168488,4.301974354112926,0.01758650056556373,-0.10239747021885268,0.0,hold,,,,
بپيوند,30,0.11904761904761904,1.0,11739.78335564636,11739.78335564636,11713.961314980254,0.1546864210748457,263.8477676184639,235.92915212205662,-0.0021995329797705678,250.32886753164578,234.4552184398715,-0.051237500354246124,-0.006247357178745773,0.0,hold,,,,
بپيوند,30,0.11904761904761904,1.1,12913.761691210997,11739.78335564636,11713.961314980254,0.1546864210748457,10.847694976343178,1154.1155534949357,-0.0929086663452461,11.574514527420186,1148.4621450481309,0.06700221131420714,-0.004898476958988204,0.0,buy_call,,,,
بپيوند,60,0.23809523809523808,0.9,10565.805020081723,11739.78335564636,11688.1960707442,0.1546864210748457,1251.1278676018683,26.955778583868323,0.10622863553976455,1253.1002378828605,30.976950723307517,0.0015764737818307897,0.14917662745032575,0.0,buy_put,,,,
بپيوند,60,0.23809523809523808,1.0,11739.78335564636,11739.78335564636,11688.1960707442,0.1546864210748457,381.16988657174534,325.39904940134056,-0.004394228014211899,359.9311312299293,337.8624418205043,-0.055719919358893005,0.03830187101681301,0.0,hold,,,,
بپيوند,60,0.23809523809523808,1.1,12913.761691210997,11739.78335564636,11688.1960707442,0.1546864210748457,52.02833111847326,1164.6587457956666,-0.09490384364928367,55.81654800370332,1179.8003794323995,0.07281065534475709,0.013000918673725735,0.0,buy_call,,,,
بپيوند,90,0.35714285714285715,0.9,10565.805020081723,11739.78335564636,11662.487498012571,0.1546864210748457,1304.7157805039205,55.53630431625197,0.10379544917272812,1321.2380589194113,47.92810553689066,0.012663507763437446,-0.1369950498692955,0.0,hold,,,,
بپيوند,90,0.35714285714285715,1.0,11739.78335564636,11739.78335564636,11662.487498012571,0.1546864210748457,474.32546992419066,390.76864700971055,-0.006584095744544694,466.62700515317835,377.4582300768748,-0.016230342368590753,-0.03406214146066063,0.0,hold,,,,
بپيوند,90,0.35714285714285715,1.1,12913.761691210997,11739.78335564636,11662.487498012571,0.1546864210748457,103.04558238882419,1185.111412747534,-0.09689463249504075,97.97280150192346,1181.945956528309,-0.04922851391881598,-0.0026710199439277096,0.0,hold,,,,
اوان,30,0.11904761904761904,0.9,8578.728783189217,9531.92087021024,9305.32607546152,0.1393062059448746,975.4764748892667,1.8831399840052114,0.08469754792762946,973.767060312357,1.1525810071847673,-0.0017523893409154146,-0.38794724928872965,0.0,hold,,,,
اوان,30,0.11904761904761904,1.0,9531.92087021024,9531.92087021024,9305.32607546152,0.1393062059448746,194.09989756235882,171.4318443576476,-0.023772206865133403,186.74270610104983,169.76726295536994,-0.03790414911963221,-0.009709872798223818,0.0,hold,,,,
اوان,30,0.11904761904761904,1.1,10485.112957231266,9531.92087021024,9305.32607546152,0.1393062059448746,4.861255785395144,933.1184842812381,-0.11252018805921228,3.6875986805042094,929.0612258555655,-0.24143084764578684,-0.004348063503208699,0.0,hold,,,,
اوان,60,0.23809523809523808,0.9,8578.728783189217,9531.92087021024,9084.11793904813,0.1393062059448746,1007.532190938955,13.586124768374532,0.05891189343219103,1009.2327820468947,14.057865857192205,0.0016878776908903833,0.03472226973182088,0.0,hold,,,,
اوان,60,0.23809523809523808,1.0,9531.92087021024,9531.92087021024,9084.11793904813,0.1393062059448746,281.0951999519948,235.81300089693468,-0.04697929591102799,287.1870870306354,249.17965164129856,0.0216719712029268,0.056683264678040204,0.0,buy_put,,,,
اوان,60,0.23809523809523808,1.1,10485.112957231266,9531.92087021024,9084.11793904813,0.1393062059448746,28.80638816349699,932.1880562239548,-0.13361754173729826,23.983451751038018,927.8245081389603,-0.16742593292450744,-0.004680974032932968,0.0,hold,,,,
اوان,90,0.35714285714285715,0.9,8578.728783189217,9531.92087021024,8868.168408213809,0.1393062059448746,1044.8199079211927,30.56951172587378,0.03373922084957092,1080.362408159138,32.58882254080823,0.034017824477198116,0.06605636468917891,0.0,buy_put,,,,
اوان,90,0.35714285714285715,1.0,9531.92087021024,9531.92087021024,8868.168408213809,0.1393062059448746,350.44184610855336,282.59928035933626,-0.06963470123538609,334.11316809689566,284.4611921471142,-0.04659454398205546,0.0065885227499888205,0.0,hold,,,,
اوان,90,0.35714285714285715,1.1,10485.112957231266,9531.92087021024,8868.168408213809,0.1393062059448746,61.633424322114934,940.198689019001,-0.154213364759442,62.49149592620478,945.2443694675209,0.013922179621325302,0.005366610810513376,0.0,hold,,,,
وسبحان,30,0.11904761904761904,0.9,1987.989430937487,2208.8771454860967,2178.182313179677,0.1601747470490215,226.73825948905142,1.1228671927457583,0.09567097253253483,226.8006566061044,1.026350256963555,0.00027519447839815733,-0.08595578925606465,0.0,hold,,,,
وسبحان,30,0.11904761904761904,1.0,2208.8771454860967,2208.8771454860967,2178.182313179677,0.1601747470490215,51.308300506309706,46.0553252310915,-0.013896124720718658,54.62764769305165,44.9373025735996,0.06469415579909418,-0.02427564351965824,0.0,buy_call,,,,
وسبحان,30,0.11904761904761904,1.1,2429.7648600347065,2208.8771454860967,2178.182313179677,0.1601747470490215,2.445446534517103,217.5548882803878,-0.10354193156428977,2.699539226073555,212.81341707588084,0.10390441498923517,-0.021794367582290666,0.0,buy_call,,,,
وسبحان,60,0.23809523809523808,0.9,1987.989430937487,2208.8771454860967,2147.914020091269,0.1601747470490215,236.2023205519033,5.8704934936726545,0.08044539204535175,227.8449346666579,6.519815311331569,-0.035382319130979695,0.11060770586983319,0.0,buy_put,,,,
وسبحان,60,0.23809523809523808,1.0,2208.8771454860967,2208.8771454860967,2147.914020091269,0.1601747470490215,74.06636488019831,63.572906536174514,-0.02759914715918342,74.56101310542165,63.29218538873518,0.006678446093897451,-0.00441573561340317,0.0,hold,,,,
وسبحان,60,0.23809523809523808,1.1,2429.7648600347065,2208.8771454860967,2147.914020091269,0.1601747470490215,11.020929709620589,220.36584007980514,-0.11599922469016682,12.639408035280566,229.6801930535168,0.14685497215785212,0.04226768073644484,0.0,buy_call,,,,
وسبحان,90,0.35714285714285715,0.9,1987.989430937487,2208.8771454860967,2118.0663389787,0.1601747470490215,246.82137207288133,11.784326501326092,0.06543138812356361,247.9186624374615,11.659897022848467,0.004445686187402635,-0.010558896044133086,0.0,hold,,,,
وسبحان,90,0.35714285714285715,1.0,2208.8771454860967,2208.8771454860967,2118.0663389787,0.1601747470490215,92.11435485789048,76.39287594350685,-0.04111175068879275,92.76199211601202,78.4271848690018,0.007030796221942733,0.026629563298537714,0.0,hold,,,,
وسبحان,90,0.35714285714285715,1.1,2429.7648600347065,2208.8771454860967,2118.0663389787,0.1601747470490215,21.333113394953727,224.92720113774158,-0.1282834097170844,24.982175143136256,227.85461968951253,0.17105153292091446,0.013014960115821005,0.0,buy_call,,,,
فزرين,30,0.11904761904761904,0.9,3211.1924929368392,3567.99165881871,3605.0015944074,0.16347830816707554,366.4883642474233,2.0525967538083165,0.12263640449358336,363.1698296824965,2.0307149236258764,-0.009054952049409058,-0.010660559674880797,0.0,hold,,,,
فزرين,30,0.11904761904761904,1.0,3567.99165881871,3567.99165881871,3605.0015944074,0.16347830816707554,84.4965570599677,76.01144415803014,0.010372764044225043,80.4240182763819,74.42846798009774,-0.048197689057265306,-0.020825497995293343,0.0,hold,,,,
فزرين,30,0.11904761904761904,1.1,3924.7908247005817,3567.99165881871,3605.0015944074,0.16347830816707554,4.375403788608594,351.8409454783491,-0.08147930541434097,4.431680659318888,349.8189366145429,0.01286209763240867,-0.005746940172233686,0.0,hold,,,,
فزرين,60,0.23809523809523808,0.9,3211.1924929368392,3567.99165881871,3642.395425325243,0.16347830816707554,382.35732006547005,10.303111716373905,0.1342812470248526,381.9407134656198,8.820369588308399,-0.0010895740135925891,-0.1439120693711497,0.0,hold,,,,
فزرين,60,0.23809523809523808,1.0,3567.99165881871,3567.99165881871,3642.395425325243,0.16347830816707554,121.92226735704457,104.97222017123886,0.020853122322367357,121.81781789468441,100.15000652256346,-0.0008566889758889482,-0.04593799807995897,0.0,hold,,,,
فزرين,60,0.23809523809523808,1.1,3924.7908247005817,3567.99165881871,3642.395425325243,0.16347830816707554,19.045038743758425,357.199152721244,-0.07195170697966614,17.46624899430251,366.288841993109,-0.0828976916612116,0.02544711879246399,0.0,hold,,,,
فزرين,90,0.35714285714285715,0.9,3211.1924929368392,3567.99165881871,3680.1771336279076,0.16347830816707554,400.0384295000531,20.38389786327798,0.146046878760031,386.11431185623843,20.02520716978261,-0.03480695007531225,-0.017596766619477507,0.0,hold,,,,
فزرين,90,0.35714285714285715,1.0,3567.99165881871,3567.99165881871,3680.1771336279076,0.16347830816707554,151.58129116317946,126.18644032439715,0.03144219088402793,146.45727349515835,126.08945998821352,-0.03380376053470234,-0.0007685479987732384,0.0,hold,,,,
فزرين,90,0.35714285714285715,1.1,3924.7908247005817,3567.99165881871,3680.1771336279076,0.16347830816707554,36.39519839353716,365.2600283527481,-0.062325281014520166,30.923116099609476,366.1194054691732,-0.15035176439371686,0.00235278171635894,0.0,hold,,,,
دارونو,30,0.11904761904761904,0.9,9350.998003263587,10389.997781403985,10041.358423733427,0.17905066159246336,1071.2182134378054,9.980638410359916,0.07382745886897828,1079.6224129931857,7.615952819640939,0.007845459916527287,-0.23692728796430795,0.0,hold,,,,
دارونو,30,0.11904761904761904,1.0,10389.997781403985,10389.997781403985,10041.358423733427,0.17905066159246336,268.2708489321549,243.5621857243268,-0.033555287017919516,275.16378943371626,244.8502522386003,0.02569396014885163,0.005288450300455775,0.0,hold,,,,
دارونو,30,0.11904761904761904,1.1,11428.997559544385,10389.997781403985,10041.358423733427,0.17905066159246336,19.509785961336206,1031.3300345731259,-0.12141389728901786,19.831665139579442,1013.8128707494509,0.016498344927059927,-0.01698502248208592,0.0,hold,,,,
دارونو,60,0.23809523809523808,0.9,9350.998003263587,10389.997781403985,9704.417759775248,0.17905066159246336,1125.9152564448104,42.492768683459644,0.03779487027890651,1151.965606939765,39.72629865017701,0.023137043703636343,-0.0651044899872455,0.0,hold,,,,
دارونو,60,0.23809523809523808,1.0,10389.997781403985,10389.997781403985,9704.417759775248,0.17905066159246336,386.380461671768,337.02189542626456,-0.0659846167489841,387.47429172686594,355.40619853521537,0.0028309662718586613,0.05454928406268197,0.0,buy_put,,,,
دارونو,60,0.23809523809523808,1.1,11428.997559544385,10389.997781403985,9704.417759775248,0.17905066159246336,73.75205173541849,1058.4574070057624,-0.15089510613544022,78.88280941947107,1085.4740768826214,0.06956766033382908,0.02552456971630589,0.0,buy_call,,,,
دارونو,90,0.35714285714285715,0.9,9350.998003263587,10389.997781403985,9378.783236504194,0.17905066159246336,1184.801466001034,79.2468238940412,0.002971365540973277,1128.7285925112417,73.18588828399776,-0.04732680967981125,-0.07648174793916483,0.0,hold,,,,
دارونو,90,0.35714285714285715,1.0,10389.997781403985,10389.997781403985,9378.783236504194,0.17905066159246336,479.69810540487197,405.74825655309814,-0.09732577101312402,462.8220272269587,415.03088750369903,-0.03518062295382553,0.022877808593580785,0.0,hold,,,,
دارونو,90,0.35714285714285715,1.1,11428.997559544385,10389.997781403985,9378.783236504194,0.17905066159246336,133.74734567244923,1091.4022900758964,-0.17938706455738557,124.90652652998932,1117.1938416888752,-0.06610089417483697,0.023631571829655234,0.0,hold,,,,
شمس,30,0.11904761904761904,0.9,3896.215828847251,4329.128698719168,4288.215247594506,0.1645496307938952,444.7677244206916,2.5891851304134548,0.10061029367134244,454.863714835926,3.278157663279895,0.02269946729696804,0.2660962805531104,0.0,strong_buy_put,,,,
شمس,30,0.11904761904761904,1.0,4329.128698719168,4329.128698719168,4288.215247594506,0.1645496307938952,103.15849076271752,92.86330252009498,-0.009450735695791827,98.35135119064651,92.94575281268402,-0.0465995531393365,0.000887867331351936,0.0,hold,,,,
شمس,30,0.11904761904761904,1.1,4762.041568591085,4329.128698719168,4288.215247594506,0.1645496307938952,5.482372680938312,427.07053548596923,-0.09950066881435622,5.014696064588404,420.28193229379326,-0.08530551342778558,-0.01589574233785791,0.0,hold,,,,
شمس,60,0.23809523809523808,0.9,3896.215828847251,4329.128698719168,4247.688458682825,0.1645496307938952,464.2544671535561,12.83229332017504,0.09020871668178648,466.9242260967783,12.150678166396021,0.005750637058144089,-0.053117173740673276,0.0,hold,,,,
شمس,60,0.23809523809523808,1.0,4329.128698719168,4329.128698719168,4247.688458682825,0.1645496307938952,148.82954256091853,128.26364927040322,-0.018812154986392188,151.2634415004527,130.40248628720911,0.016353600889003183,0.016675317044011703,0.0,hold,,,,
شمس,60,0.23809523809523808,1.1,4762.041568591085,4329.128698719168,4247.688458682825,0.1645496307938952,23.605471665537493,433.8958589178883,-0.10801104998762928,24.763041325707782,439.16279025487376,0.04903819235521855,0.012138699249448688,0.0,hold,,,,
شمس,90,0.35714285714285715,0.9,3896.215828847251,4329.128698719168,4207.544677741747,0.1645496307938952,485.91637600583545,25.272550103029744,0.0799054422471784,475.6197469167857,24.26289029291641,-0.021190125703699488,-0.03995084809396789,0.0,hold,,,,
شمس,90,0.35714285714285715,1.0,4329.128698719168,4329.128698719168,4207.544677741747,0.1645496307938952,185.0147213422215,154.20254797456778,-0.028085101977539464,184.07488924244797,148.0466585938565,-0.0050797692905480704,-0.039920801968373096,0.0,hold,,,,
شمس,90,0.35714285714285715,1.1,4762.041568591085,4329.128698719168,4207.544677741747,0.1645496307938952,44.92930747331445,443.94878664081216,-0.11644100179776316,43.54895207692861,438.12068829364387,-0.030722828238688084,-0.01312786186728259,0.0,hold,,,,
قمرو,30,0.11904761904761904,0.9,3406.7205113673454,3785.245012630384,3735.1683282664435,0.13952142398399892,387.38255656010006,0.756464562438893,0.09641172963944436,388.12659841927035,0.43858686070604647,0.0019206901461368757,-0.42021492812298744,0.0,hold,,,,
قمرو,30,0.11904761904761904,1.0,3785.245012630384,3785.245012630384,3735.1683282664435,0.13952142398399892,77.1913299294024,68.18956244648757,-0.0132294433245001,78.01256093985948,68.0111309850676,0.010638902208423721,-0.002616697556315919,0.0,hold,,,,
قمرو,30,0.11904761904761904,1.1,4163.769513893422,3785.245012630384,3735.1683282664435,0.13952142398399892,1.948635115368731,370.5711921472016,-0.10293585756772738,1.420843723524176,372.21911248469144,-0.2708518324861879,0.004446973678502333,0.0,hold,,,,
قمرو,60,0.23809523809523808,0.9,3406.7205113673454,3785.245012630384,3685.754130560174,0.13952142398399892,400.1440988111708,5.43568263515678,0.08190681280186196,399.86478990771394,4.585037361462673,-0.0006980207987239915,-0.1564928143877135,0.0,hold,,,,
قمرو,60,0.23809523809523808,1.0,3785.245012630384,3785.245012630384,3685.754130560174,0.13952142398399892,111.78414813055838,93.80202044947464,-0.02628386847832426,108.65120472823035,90.37536191724203,-0.028026723419396646,-0.036530753983900995,0.0,hold,,,,
قمرو,60,0.23809523809523808,1.1,4163.769513893422,3785.245012630384,3685.754130560174,0.13952142398399892,11.507759168526775,370.2519199823723,-0.11480351679847663,10.411307359562986,377.0662939354051,-0.09527934960287811,0.018404695790253302,0.0,hold,,,,
قمرو,90,0.35714285714285715,0.9,3406.7205113673454,3785.245012630384,3636.993655181886,0.13952142398399892,414.98476993227723,12.213250315996504,0.06759378793950918,400.5780046635942,11.937576938302914,-0.03471637108762843,-0.0225716636080505,0.0,hold,,,,
قمرو,90,0.35714285714285715,1.0,3785.245012630384,3785.245012630384,3636.993655181886,0.13952142398399892,139.35749555642383,112.41636405282065,-0.03916559085444176,141.2687678352374,115.37037648684614,0.013714886818124094,0.02627742374444254,0.0,hold,,,,
قمرو,90,0.35714285714285715,1.1,4163.769513893422,3785.245012630384,3636.993655181886,0.13952142398399892,24.591254483912962,373.4805110929883,-0.12651417350403799,28.849211303562328,376.40969512689185,0.1731492316683081,0.007842936771536755,0.0,buy_call,,,,
دارو,30,0.11904761904761904,0.9,2146.779631304284,2385.3107014492043,2395.825339596486,0.14824146477167433,244.37072042801992,0.7343503583719198,0.11600897672990006,248.06291132566983,0.5638482570869546,0.015108974148715388,-0.23218086481631767,0.0,hold,,,,
دارو,30,0.11904761904761904,1.0,2385.3107014492043,2385.3107014492043,2395.825339596486,0.14824146477167433,51.49840898095613,45.82585350903628,0.004408079056910133,50.13445856409835,43.564962869471316,-0.0264852923390732,-0.049336574584893295,0.0,hold,,,,
دارو,30,0.11904761904761904,1.1,2623.841771594125,2385.3107014492043,2395.825339596486,0.14824146477167433,1.7480618304968232,234.0393209563058,-0.08690174631189998,1.8738117537877428,234.08679914086468,0.07193677082645283,0.0002028641356712346,0.0,buy_call,,,,
دارو,60,0.23809523809523808,0.9,2146.779631304284,2385.3107014492043,2406.386327099976,0.14824146477167433,253.27387642379267,4.544347446101028,0.12092843252754677,257.5368123623441,4.784707616168067,0.016831328989565596,0.05289211991773725,0.0,buy_put,,,,
دارو,60,0.23809523809523808,1.0,2385.3107014492043,2385.3107014492043,2406.386327099976,0.14824146477167433,74.46952858133704,63.137907656035395,0.008835589274792178,71.7283824792945,63.28952045684136,-0.03680896272961654,0.0024012959319451104,0.0,hold,,,,
دارو,60,0.23809523809523808,1.1,2623.841771594125,2385.3107014492043,2406.386327099976,0.14824146477167433,9.094157587201437,235.16044471429086,-0.0828767370229163,10.283691636788975,232.93609275344633,0.1308020053733856,-0.009458869511609468,0.0,buy_call,,,,
دارو,90,0.35714285714285715,0.9,2146.779631304284,2385.3107014492043,2416.9938682713,0.14824146477167433,263.49609145348404,9.685515711636782,0.12586957367526647,264.1923216493733,10.237705116979862,0.0026422790260331617,0.05701187440950052,0.0,buy_put,,,,
دارو,90,0.35714285714285715,1.0,2385.3107014492043,2385.3107014492043,2416.9938682713,0.14824146477167433,92.73728516023266,75.76005671920302,0.0132826163077399,97.60201589524614,77.21945115719467,0.05245711826271534,0.019263375731102546,0.0,buy_call,,,,
دارو,90,0.35714285714285715,1.1,2623.841771594125,2385.3107014492043,2416.9938682713,0.14824146477167433,18.556246650099126,238.4123655098872,-0.078833985174782,16.97438058326144,241.30218035309508,-0.08524709207986503,0.012121077851928966,0.0,hold,,,,
سدبير,30,0.11904761904761904,0.9,29315.74616094134,32573.05128993482,32348.53399991722,0.15134532814151327,3338.550548421259,11.529052416292757,0.10345252078272521,3284.9597160927306,12.829856897724936,-0.016052125481182424,0.11282839512412081,0.0,buy_put,,,,
سدبير,30,0.11904761904761904,1.0,32573.05128993482,32573.05128993482,32348.53399991722,0.15134532814151327,717.1266546746047,639.6640246618445,-0.006892731295547276,719.8803872059683,637.1751394877756,0.0038399528359647373,-0.0038909256705261692,0.0,hold,,,,
سدبير,30,0.11904761904761904,1.1,35830.356418928306,32573.05128993482,32348.53399991722,0.15134532814151327,26.76529816027619,3198.8615341397235,-0.09717521026867941,20.74872558713279,3223.9665113133556,-0.22479004482277418,0.00784809748896605,0.0,hold,,,,
سدبير,60,0.23809523809523808,0.9,29315.74616094134,32573.05128993482,32125.56424725092,0.15134532814151327,3464.6112361905325,68.039167072091,0.09584671905957573,3478.8297973142817,63.42254173359853,0.004103941295122912,-0.06785246700038117,0.0,hold,,,,
سدبير,60,0.23809523809523808,1.0,32573.05128993482,32573.05128993482,32125.56424725092,0.15134532814151327,1036.5118715103017,881.770826927017,-0.013737952846381806,1056.8776988710808,890.2570777785327,0.019648426535727053,0.00962410026774236,0.0,hold,,,,
سدبير,60,0.23809523809523808,1.1,35830.356418928306,32573.05128993482,32125.56424725092,0.15134532814151327,133.7400592239419,3220.830039175813,-0.10339813895125625,132.14085045485618,3164.992278503391,-0.011957589807911742,-0.01733645054015658,0.0,hold,,,,
سدبير,90,0.35714285714285715,0.9,29315.74616094134,32573.05128993482,31904.131365176785,0.15134532814151327,3608.552873490771,142.59563087906645,0.08829334208399117,3737.160957983249,148.98947554995377,0.035639794954166026,0.04483899423475224,0.0,hold,,,,
سدبير,90,0.35714285714285715,1.0,32573.05128993482,32573.05128993482,31904.131365176785,0.15134532814151327,1290.3090584037054,1058.4733766056816,-0.020535992124407907,1279.7538812598257,1110.506094939367,-0.008180348014403612,0.04915826839267717,0.0,hold,,,,
سدبير,90,0.35714285714285715,1.1,35830.356418928306,32573.05128993482,31904.131365176785,0.15134532814151327,268.89164102724953,3271.1775200429074,-0.10957817465855271,234.10339251666744,3275.4010074884136,-0.12937645951982807,0.0012911214446872273,0.0,hold,,,,
شبريز,30,0.11904761904761904,0.9,19838.636484905237,22042.929427672483,21884.91925331085,0.17418874673756354,2269.7186195959694,18.24701541597392,0.10314634122978075,2296.7736308032263,18.052629476312177,0.011919984694875076,-0.010653026548745724,0.0,hold,,,,
شبريز,30,0.11904761904761904,1.0,22042.929427672483,22042.929427672483,21884.91925331085,0.17418874673756354,554.4345431464153,502.0138082433641,-0.007168292893197214,533.4957264259274,508.0997463124806,-0.037766075327233695,0.012123049145624626,0.0,hold,,,,
شبريز,30,0.11904761904761904,1.1,24247.222370439733,22042.929427672483,21884.91925331085,0.17418874673756354,36.562235832778924,2183.1923702066706,-0.09742572081199752,34.937123884371644,2145.5549847968327,-0.04444782742061765,-0.01723961017978225,0.0,hold,,,,
شبريز,60,0.23809523809523808,0.9,19838.636484905237,22042.929427672483,21728.041742159145,0.17418874673756354,2379.969738343836,81.43166927702146,0.09523866515178665,2370.2182647829295,80.18032550406197,-0.004097309895920096,-0.015366795057369572,0.0,hold,,,,
شبريز,60,0.23809523809523808,1.0,22042.929427672483,22042.929427672483,21728.041742159145,0.17418874673756354,798.964926853334,694.2481198538117,-0.014285201363391906,851.8160620700219,627.0914521601072,0.06614950599250748,-0.0967329486003443,0.0,buy_call,,,,
شبريز,60,0.23809523809523808,1.1,24247.222370439733,22042.929427672483,21728.041742159145,0.17418874673756354,143.91196889135108,2233.016423959125,-0.10389563760308361,155.8247236847944,2251.8773309310527,0.08277806832340036,0.008446380765300188,0.0,buy_call,,,,
شبريز,90,0.35714285714285715,0.9,19838.636484905237,22042.929427672483,21572.288774955734,0.17418874673756354,2499.9527779777236,154.46017373318637,0.08738767361202435,2561.3079494211074,144.6707707351666,0.024542532156553616,-0.06337816902193782,0.0,hold,,,,
شبريز,90,0.35714285714285715,1.0,22042.929427672483,22042.929427672483,21572.288774955734,0.17418874673756354,992.3385799834668,835.4500672309241,-0.021351093749177975,1000.1335157322106,851.2712375276923,0.00785511710012692,0.01893730208102921,0.0,hold,,,,
شبريز,90,0.35714285714285715,1.1,24247.222370439733,22042.929427672483,21572.288774955734,0.17418874673756354,264.94100272840205,2296.6565814678543,-0.1103191761356164,244.62698798255798,2300.5736472084077,-0.07667372938370172,0.0017055513532850109,0.0,hold,,,,
